t_h N_exato dNdt_exato
0.000000000000000000e+00 1.000000000000000000e+02 7.920000000000000284e+01
6.003001500750375190e-03 1.004765582286188561e+02 7.957360348261755689e+01
1.200600300150075038e-02 1.009553643753517775e+02 7.994893265258862414e+01
1.800900450225112470e-02 1.014364288223606536e+02 8.032599513050982409e+01
2.401200600300150076e-02 1.019197619976446845e+02 8.070479856726322510e+01
3.001500750375187682e-02 1.024053743752224079e+02 8.108535064410357052e+01
3.601800900450224940e-02 1.028932764753143232e+02 8.146765907274541973e+01
4.202101050525262893e-02 1.033834788645260687e+02 8.185173159545031751e+01
4.802401200600300152e-02 1.038759921560319555e+02 8.223757598511356548e+01
5.402701350675337411e-02 1.043708270097591537e+02 8.262520004535124940e+01
6.003001500750375363e-02 1.048679941325723775e+02 8.301461161058675486e+01
6.603301650825413316e-02 1.053675042784591227e+02 8.340581854613760981e+01
7.203601800900449881e-02 1.058693682487152614e+02 8.379882874830164496e+01
7.803901950975487833e-02 1.063735968921314452e+02 8.419365014444359474e+01
8.404202101050525786e-02 1.068802011051797223e+02 8.459029069308110138e+01
9.004502251125562351e-02 1.073891918322008792e+02 8.498875838397084692e+01
9.604802401200600304e-02 1.079005800655921519e+02 8.538906123819442939e+01
1.020510255127563826e-01 1.084143768459956476e+02 8.579120730824408270e+01
1.080540270135067482e-01 1.089305932624870508e+02 8.619520467810825437e+01
1.140570285142571277e-01 1.094492404527649967e+02 8.660106146335704125e+01
1.200600300150075073e-01 1.099703296033409003e+02 8.700878581122732669e+01
1.260630315157578729e-01 1.104938719497293107e+02 8.741838590070798887e+01
1.320660330165082663e-01 1.110198787766387767e+02 8.782986994262465430e+01
1.380690345172586320e-01 1.115483614181632532e+02 8.824324617972442297e+01
1.440720360180089976e-01 1.120793312579738767e+02 8.865852288676033766e+01
1.500750375187593910e-01 1.126127997295114653e+02 8.907570837057565427e+01
1.560780390195097567e-01 1.131487783161793175e+02 8.949481097018795595e+01
1.620810405202601223e-01 1.136872785515367070e+02 8.991583905687299705e+01
1.680840420210105157e-01 1.142283120194926909e+02 9.033880103424834829e+01
1.740870435217608814e-01 1.147718903545004707e+02 9.076370533835674337e+01
1.800900450225112470e-01 1.153180252417524940e+02 9.119056043774939724e+01
1.860930465232616404e-01 1.158667284173755831e+02 9.161937483356881273e+01
1.920960480240120061e-01 1.164180116686270594e+02 9.205015705963151618e+01
1.980990495247623717e-01 1.169718868340909665e+02 9.248291568251059402e+01
2.041020510255127651e-01 1.175283658038750758e+02 9.291765930161771792e+01
2.101050525262631308e-01 1.180874605198081468e+02 9.335439654928514130e+01
2.161080540270134964e-01 1.186491829756379559e+02 9.379313609084746872e+01
2.221110555277638898e-01 1.192135452172294379e+02 9.423388662472272870e+01
2.281140570285142555e-01 1.197805593427637803e+02 9.467665688249380196e+01
2.341170585292646211e-01 1.203502375029374463e+02 9.512145562898889750e+01
2.401200600300150145e-01 1.209225919011623631e+02 9.556829166236229867e+01
2.461230615307653802e-01 1.214976347937658687e+02 9.601717381417435604e+01
2.521260630315157458e-01 1.220753784901916958e+02 9.646811094947148035e+01
2.581290645322661392e-01 1.226558353532011694e+02 9.692111196686560959e+01
2.641320660330165326e-01 1.232390177990749862e+02 9.737618579861353396e+01
2.701350675337668705e-01 1.238249382978152795e+02 9.783334141069560985e+01
2.761380690345172639e-01 1.244136093733484216e+02 9.829258780289440267e+01
2.821410705352676573e-01 1.250050436037282680e+02 9.875393400887301709e+01
2.881440720360179952e-01 1.255992536213394573e+02 9.921738909625256042e+01
2.941470735367683886e-01 1.261962521131018065e+02 9.968296216668996124e+01
3.001500750375187820e-01 1.267960518206747622e+02 1.001506623559549070e+02
3.061530765382691199e-01 1.273986655406623498e+02 1.006204988340065682e+02
3.121560780390195133e-01 1.280041061248186622e+02 1.010924808050698402e+02
3.181590795397699067e-01 1.286123864802538321e+02 1.015666175077113849e+02
3.241620810405202446e-01 1.292235195696404446e+02 1.020429182149151472e+02
3.301650825412706380e-01 1.298375184114201772e+02 1.025213922341572754e+02
3.361680840420210314e-01 1.304543960800113496e+02 1.030020489074810541e+02
3.421710855427713693e-01 1.310741657060164869e+02 1.034848976115709434e+02
3.481740870435217627e-01 1.316968404764304239e+02 1.039699477578263895e+02
3.541770885442721561e-01 1.323224336348491761e+02 1.044572087924354236e+02
3.601800900450224940e-01 1.329509584816787537e+02 1.049466901964472356e+02
3.661830915457728874e-01 1.335824283743447154e+02 1.054384014858448211e+02
3.721860930465232808e-01 1.342168567275022042e+02 1.059323522116169016e+02
3.781890945472736187e-01 1.348542570132461265e+02 1.064285519598293348e+02
3.841920960480240121e-01 1.354946427613220408e+02 1.069270103516961825e+02
3.901950975487744055e-01 1.361380275593373312e+02 1.074277370436501116e+02
3.961980990495247434e-01 1.367844250529729209e+02 1.079307417274125527e+02
4.022011005502751368e-01 1.374338489461951269e+02 1.084360341300628647e+02
4.082041020510255303e-01 1.380863130014683406e+02 1.089436240141075274e+02
4.142071035517758681e-01 1.387418310399677353e+02 1.094535211775483532e+02
4.202101050525262615e-01 1.394004169417926278e+02 1.099657354539504581e+02
4.262131065532766550e-01 1.400620846461801818e+02 1.104802767125094647e+02
4.322161080540269928e-01 1.407268481517194232e+02 1.109971548581181651e+02
4.382191095547773863e-01 1.413947215165658235e+02 1.115163798314329000e+02
4.442221110555277797e-01 1.420657188586560835e+02 1.120379616089387298e+02
4.502251125562781175e-01 1.427398543559235122e+02 1.125619102030147900e+02
4.562281140570285110e-01 1.434171422465136061e+02 1.130882356619983540e+02
4.622311155577789044e-01 1.440975968290001674e+02 1.136169480702486823e+02
4.682341170585292423e-01 1.447812324626016220e+02 1.141480575482101045e+02
4.742371185592796357e-01 1.454680635673980760e+02 1.146815742524745758e+02
4.802401200600300291e-01 1.461581046245481161e+02 1.152175083758432663e+02
4.862431215607803670e-01 1.468513701765066628e+02 1.157558701473879523e+02
4.922461230615307604e-01 1.475478748272428220e+02 1.162966698325113981e+02
4.982491245622811538e-01 1.482476332424581074e+02 1.168399177330072689e+02
5.042521260630314917e-01 1.489506601498050031e+02 1.173856241871189923e+02
5.102551275637818851e-01 1.496569703391061523e+02 1.179337995695985200e+02
5.162581290645322785e-01 1.503665786625735166e+02 1.184844542917637966e+02
5.222611305652826719e-01 1.510795000350280759e+02 1.190375988015557311e+02
5.282641320660330653e-01 1.517957494341199833e+02 1.195932435835946990e+02
5.342671335667833477e-01 1.525153419005487478e+02 1.201513991592357087e+02
5.402701350675337411e-01 1.532382925382839574e+02 1.207120760866232843e+02
5.462731365682841345e-01 1.539646165147863428e+02 1.212752849607454522e+02
5.522761380690345279e-01 1.546943290612291264e+02 1.218410364134870036e+02
5.582791395697849213e-01 1.554274454727195689e+02 1.224093411136816485e+02
5.642821410705353147e-01 1.561639811085210567e+02 1.229802097671638421e+02
5.702851425712855971e-01 1.569039513922752178e+02 1.235536531168194188e+02
5.762881440720359905e-01 1.576473718122246055e+02 1.241296819426355427e+02
5.822911455727863839e-01 1.583942579214355248e+02 1.247083070617498350e+02
5.882941470735367773e-01 1.591446253380212852e+02 1.252895393284987051e+02
5.942971485742871707e-01 1.598984897453654241e+02 1.258733896344644307e+02
6.003001500750375641e-01 1.606558668923457276e+02 1.264598689085221110e+02
6.063031515757878465e-01 1.614167725935578801e+02 1.270489881168846722e+02
6.123061530765382399e-01 1.621812227295402238e+02 1.276407582631482853e+02
6.183091545772886333e-01 1.629492332469977498e+02 1.282351903883354680e+02
6.243121560780390267e-01 1.637208201590273120e+02 1.288322955709382995e+02
6.303151575787894201e-01 1.644959995453425279e+02 1.294320849269603286e+02
6.363181590795398135e-01 1.652747875524990206e+02 1.300345696099573161e+02
6.423211605802900959e-01 1.660572003941201160e+02 1.306397608110774797e+02
6.483241620810404893e-01 1.668432543511225390e+02 1.312476697591001482e+02
6.543271635817908827e-01 1.676329657719423949e+02 1.318583077204741301e+02
6.603301650825412761e-01 1.684263510727615767e+02 1.324716859993544631e+02
6.663331665832916695e-01 1.692234267377338597e+02 1.330878159376381973e+02
6.723361680840420629e-01 1.700242093192121047e+02 1.337067089149998367e+02
6.783391695847923453e-01 1.708287154379745800e+02 1.343283763489245928e+02
6.843421710855427387e-01 1.716369617834525627e+02 1.349528296947417232e+02
6.903451725862931321e-01 1.724489651139571436e+02 1.355800804456557387e+02
6.963481740870435255e-01 1.732647422569070272e+02 1.362101401327774397e+02
7.023511755877939189e-01 1.740843101090560197e+02 1.368430203251531339e+02
7.083541770885443123e-01 1.749076856367207711e+02 1.374787326297931145e+02
7.143571785892945947e-01 1.757348858760090025e+02 1.381172886916989171e+02
7.203601800900449881e-01 1.765659279330473339e+02 1.387587001938892399e+02
7.263631815907953815e-01 1.774008289842099089e+02 1.394029788574251256e+02
7.323661830915457749e-01 1.782396062763465068e+02 1.400501364414334375e+02
7.383691845922961683e-01 1.790822771270113662e+02 1.407001847431294266e+02
7.443721860930465617e-01 1.799288589246917240e+02 1.413531355978380475e+02
7.503751875937968441e-01 1.807793691290368088e+02 1.420090008790140246e+02
7.563781890945472375e-01 1.816338252710866925e+02 1.426677924982607522e+02
7.623811905952976309e-01 1.824922449535012845e+02 1.433295224053475465e+02
7.683841920960480243e-01 1.833546458507897228e+02 1.439942025882263010e+02
7.743871935967984177e-01 1.842210457095393679e+02 1.446618450730462087e+02
7.803901950975488111e-01 1.850914623486452797e+02 1.453324619241674043e+02
7.863931965982992045e-01 1.859659136595396376e+02 1.460060652441735556e+02
7.923961980990494869e-01 1.868444176064211035e+02 1.466826671738822938e+02
7.983991995997998803e-01 1.877269922264846400e+02 1.473622798923555308e+02
8.044022011005502737e-01 1.886136556301508733e+02 1.480449156169071614e+02
8.104052026013006671e-01 1.895044260012957125e+02 1.487305866031101402e+02
8.164082041020510605e-01 1.903993215974802808e+02 1.494193051448017684e+02
8.224112056028014539e-01 1.912983607501804499e+02 1.501110835740878713e+02
8.284142071035517363e-01 1.922015618650164868e+02 1.508059342613450724e+02
8.344172086043021297e-01 1.931089434219831276e+02 1.515038696152221291e+02
8.404202101050525231e-01 1.940205239756790263e+02 1.522049020826394781e+02
8.464232116058029165e-01 1.949363221555364873e+02 1.529090441487870180e+02
8.524262131065533099e-01 1.958563566660514255e+02 1.536163083371211826e+02
8.584292146073037033e-01 1.967806462870129565e+02 1.543267072093596255e+02
8.644322161080539857e-01 1.977092098737328456e+02 1.550402533654746264e+02
8.704352176088043791e-01 1.986420663572753824e+02 1.557569594436852753e+02
8.764382191095547725e-01 1.995792347446870849e+02 1.564768381204476952e+02
8.824412206103051659e-01 2.005207341192256649e+02 1.571999021104434746e+02
8.884442221110555593e-01 2.014665836405900450e+02 1.579261641665671903e+02
8.944472236118059527e-01 2.024168025451493520e+02 1.586556370799113438e+02
9.004502251125562351e-01 2.033714101461722237e+02 1.593883336797503887e+02
9.064532266133066285e-01 2.043304258340561148e+02 1.601242668335227677e+02
9.124562281140570219e-01 2.052938690765561773e+02 1.608634494468111882e+02
9.184592296148074153e-01 2.062617594190142540e+02 1.616058944633212207e+02
9.244622311155578087e-01 2.072341164845875596e+02 1.623516148648582487e+02
9.304652326163082021e-01 2.082109599744775608e+02 1.631006236713025714e+02
9.364682341170584845e-01 2.091923096681581171e+02 1.638529339405826306e+02
9.424712356178088779e-01 2.101781854236041340e+02 1.646085587686466170e+02
9.484742371185592713e-01 2.111686071775194762e+02 1.653675112894320876e+02
9.544772386193096647e-01 2.121635949455649950e+02 1.661298046748339345e+02
9.604802401200600581e-01 2.131631688225863854e+02 1.668954521346701938e+02
9.664832416208104515e-01 2.141673489828414461e+02 1.676644669166461199e+02
9.724862431215607339e-01 2.151761556802277937e+02 1.684368623063164989e+02
9.784892446223111273e-01 2.161896092485096688e+02 1.692126516270458865e+02
9.844922461230615207e-01 2.172077301015448541e+02 1.699918482399666573e+02
9.904952476238119141e-01 2.182305387335113949e+02 1.707744655439356336e+02
9.964982491245623075e-01 2.192580557191335515e+02 1.715605169754880990e+02
1.002501250625312590e+00 2.202903017139084056e+02 1.723500160087903623e+02
1.008504252126062983e+00 2.213272974543311022e+02 1.731429761555898494e+02
1.014507253626813377e+00 2.223690637581206602e+02 1.739394109651634892e+02
1.020510255127563770e+00 2.234156215244446742e+02 1.747393340242634281e+02
1.026513256628314164e+00 2.244669917341446990e+02 1.755427589570616647e+02
1.032516258129064557e+00 2.255231954499601841e+02 1.763496994250912735e+02
1.038519259629814950e+00 2.265842538167527493e+02 1.771601691271866343e+02
1.044522261130565344e+00 2.276501880617301197e+02 1.779741817994208191e+02
1.050525262631315737e+00 2.287210194946691217e+02 1.787917512150408470e+02
1.056528264132066131e+00 2.297967695081388229e+02 1.796128911844009224e+02
1.062531265632816302e+00 2.308774595777231866e+02 1.804376155548935117e+02
1.068534267133566695e+00 2.319631112622431033e+02 1.812659382108777208e+02
1.074537268634317089e+00 2.330537462039778802e+02 1.820978730736056548e+02
1.080540270135067482e+00 2.341493861288868459e+02 1.829334341011467302e+02
1.086543271635817876e+00 2.352500528468299308e+02 1.837726352883090328e+02
1.092546273136568269e+00 2.363557682517877652e+02 1.846154906665587987e+02
1.098549274637318662e+00 2.374665543220820325e+02 1.854620143039374511e+02
1.104552276138069056e+00 2.385824331205943167e+02 1.863122203049760230e+02
1.110555277638819449e+00 2.397034267949849493e+02 1.871661228106072770e+02
1.116558279139569843e+00 2.408295575779115438e+02 1.880237359980754093e+02
1.122561280640320236e+00 2.419608477872462231e+02 1.888850740808431681e+02
1.128564282141070629e+00 2.430973198262932158e+02 1.897501513084964131e+02
1.134567283641820801e+00 2.442389961840050887e+02 1.906189819666464587e+02
1.140570285142571194e+00 2.453858994351990930e+02 1.914915803768295461e+02
1.146573286643321588e+00 2.465380522407718331e+02 1.923679608964035879e+02
1.152576288144071981e+00 2.476954773479148457e+02 1.932481379184430068e+02
1.158579289644822374e+00 2.488581975903279044e+02 1.941321258716297962e+02
1.164582291145572768e+00 2.500262358884329501e+02 1.950199392201433000e+02
1.170585292646323161e+00 2.511996152495866852e+02 1.959115924635461283e+02
1.176588294147073555e+00 2.523783587682925145e+02 1.968071001366678558e+02
1.182591295647823948e+00 2.535624896264122015e+02 1.977064768094862188e+02
1.188594297148574341e+00 2.547520310933759902e+02 1.986097370870047598e+02
1.194597298649324735e+00 2.559470065263931247e+02 1.995168956091287953e+02
1.200600300150075128e+00 2.571474393706604360e+02 2.004279670505373758e+02
1.206603301650825522e+00 2.583533531595710997e+02 2.013429661205533705e+02
1.212606303151575693e+00 2.595647715149218016e+02 2.022619075630099417e+02
1.218609304652326086e+00 2.607817181471199319e+02 2.031848061561148313e+02
1.224612306153076480e+00 2.620042168553893021e+02 2.041116767123109810e+02
1.230615307653826873e+00 2.632322915279750646e+02 2.050425340781345653e+02
1.236618309154577267e+00 2.644659661423484067e+02 2.059773931340702688e+02
1.242621310655327660e+00 2.657052647654092539e+02 2.069162687944029244e+02
1.248624312156078053e+00 2.669502115536893143e+02 2.078591760070667078e+02
1.254627313656828447e+00 2.682008307535534186e+02 2.088061297534910352e+02
1.260630315157578840e+00 2.694571467013999495e+02 2.097571450484431921e+02
1.266633316658329234e+00 2.707191838238606465e+02 2.107122369398679496e+02
1.272636318159079627e+00 2.719869666379993305e+02 2.116714205087242817e+02
1.278639319659830020e+00 2.732605197515094346e+02 2.126347108688183596e+02
1.284642321160580192e+00 2.745398678629108531e+02 2.136021231666339304e+02
1.290645322661330585e+00 2.758250357617453687e+02 2.145736725811588599e+02
1.296648324162080979e+00 2.771160483287715692e+02 2.155493743237089177e+02
1.302651325662831372e+00 2.784129305361579441e+02 2.165292436377478396e+02
1.308654327163581765e+00 2.797157074476756975e+02 2.175132957987042914e+02
1.314657328664332159e+00 2.810244042188899130e+02 2.185015461137853663e+02
1.320660330165082552e+00 2.823390460973497511e+02 2.194940099217869260e+02
1.326663331665832946e+00 2.836596584227774542e+02 2.204907025928998223e+02
1.332666333166583339e+00 2.849862666272564411e+02 2.214916395285138151e+02
1.338669334667333732e+00 2.863188962354176965e+02 2.224968361610167165e+02
1.344672336168084126e+00 2.876575728646254220e+02 2.235063079535909765e+02
1.350675337668834519e+00 2.890023222251613788e+02 2.245200704000062331e+02
1.356678339169584691e+00 2.903531701204072988e+02 2.255381390244082240e+02
1.362681340670335084e+00 2.917101424470276356e+02 2.265605293811048853e+02
1.368684342171085477e+00 2.930732651951490766e+02 2.275872570543475604e+02
1.374687343671835871e+00 2.944425644485397129e+02 2.286183376581091977e+02
1.380690345172586264e+00 2.958180663847872438e+02 2.296537868358590231e+02
1.386693346673336658e+00 2.971997972754749640e+02 2.306936202603332902e+02
1.392696348174087051e+00 2.985877834863571252e+02 2.317378536333020520e+02
1.398699349674837444e+00 2.999820514775319680e+02 2.327865026853320956e+02
1.404702351175587838e+00 3.013826278036142412e+02 2.338395831755464371e+02
1.410705352676338231e+00 3.027895391139059598e+02 2.348971108913798673e+02
1.416708354177088625e+00 3.042028121525656275e+02 2.359591016483302042e+02
1.422711355677839018e+00 3.056224737587753566e+02 2.370255712897056242e+02
1.428714357178589189e+00 3.070485508669080446e+02 2.380965356863689806e+02
1.434717358679339583e+00 3.084810705066908554e+02 2.391720107364763521e+02
1.440720360180089976e+00 3.099200598033693268e+02 2.402520123652135453e+02
1.446723361680840370e+00 3.113655459778684076e+02 2.413365565245270261e+02
1.452726363181590763e+00 3.128175563469517897e+02 2.424256591928511853e+02
1.458729364682341156e+00 3.142761183233810129e+02 2.435193363748318518e+02
1.464732366183091550e+00 3.157412594160711024e+02 2.446176041010451456e+02
1.470735367683841943e+00 3.172130072302461485e+02 2.457204784277124361e+02
1.476738369184592337e+00 3.186913894675917618e+02 2.468279754364106964e+02
1.482741370685342730e+00 3.201764339264069008e+02 2.479401112337790778e+02
1.488744372186093123e+00 3.216681685017528025e+02 2.490569019512204818e+02
1.494747373686843517e+00 3.231666211856014002e+02 2.501783637445996931e+02
1.500750375187593688e+00 3.246718200669808994e+02 2.513045127939362260e+02
1.506753376688344082e+00 3.261837933321199330e+02 2.524353653030934765e+02
1.512756378189094475e+00 3.277025692645896697e+02 2.535709374994627012e+02
1.518759379689844868e+00 3.292281762454442742e+02 2.547112456336433297e+02
1.524762381190595262e+00 3.307606427533588089e+02 2.558563059791178489e+02
1.530765382691345655e+00 3.322999973647665115e+02 2.570061348319233048e+02
1.536768384192096049e+00 3.338462687539919784e+02 2.581607485103165800e+02
1.542771385692846442e+00 3.353994856933846336e+02 2.593201633544367155e+02
1.548774387193596835e+00 3.369596770534483312e+02 2.604843957259615763e+02
1.554777388694347229e+00 3.385268718029701063e+02 2.616534620077597424e+02
1.560780390195097622e+00 3.401010990091459689e+02 2.628273786035384774e+02
1.566783391695848016e+00 3.416823878377049937e+02 2.640061619374858992e+02
1.572786393196598409e+00 3.432707675530313622e+02 2.651898284539093424e+02
1.578789394697348580e+00 3.448662675182838484e+02 2.663783946168676948e+02
1.584792396198098974e+00 3.464689171955136544e+02 2.675718769098004373e+02
1.590795397698849367e+00 3.480787461457788936e+02 2.687702918351496919e+02
1.596798399199599761e+00 3.496957840292580499e+02 2.699736559139794281e+02
1.602801400700350154e+00 3.513200606053607089e+02 2.711819856855882449e+02
1.608804402201100547e+00 3.529516057328355600e+02 2.723952977071175496e+02
1.614807403701850941e+00 3.545904493698763531e+02 2.736136085531546769e+02
1.620810405202601334e+00 3.562366215742253530e+02 2.748369348153308920e+02
1.626813406703351728e+00 3.578901525032747486e+02 2.760652931019143921e+02
1.632816408204102121e+00 3.595510724141650485e+02 2.772987000373979640e+02
1.638819409704852514e+00 3.612194116638811465e+02 2.785371722620809010e+02
1.644822411205602908e+00 3.628952007093463976e+02 2.797807264316469968e+02
1.650825412706353079e+00 3.645784701075127714e+02 2.810293792167354923e+02
1.656828414207103473e+00 3.662692505154506080e+02 2.822831473025084961e+02
1.662831415707853866e+00 3.679675726904333146e+02 2.835420473882115289e+02
1.668834417208604259e+00 3.696734674900212667e+02 2.848060961867293486e+02
1.674837418709354653e+00 3.713869658721419000e+02 2.860753104241362621e+02
1.680840420210105046e+00 3.731080988951680411e+02 2.873497068392410938e+02
1.686843421710855440e+00 3.748368977179924855e+02 2.886293021831260717e+02
1.692846423211605833e+00 3.765733936001005873e+02 2.899141132186808250e+02
1.698849424712356226e+00 3.783176179016396077e+02 2.912041567201299586e+02
1.704852426213106620e+00 3.800696020834851083e+02 2.924994494725561935e+02
1.710855427713857013e+00 3.818293777073052979e+02 2.938000082714164023e+02
1.716858429214607407e+00 3.835969764356211158e+02 2.951058499220528688e+02
1.722861430715357578e+00 3.853724300318646669e+02 2.964169912391985804e+02
1.728864432216107971e+00 3.871557703604335643e+02 2.977334490464763803e+02
1.734867433716858365e+00 3.889470293867435089e+02 2.990552401758930614e+02
1.740870435217608758e+00 3.907462391772762089e+02 3.003823814673261268e+02
1.746873436718359152e+00 3.925534318996258776e+02 3.017148897680067421e+02
1.752876438219109545e+00 3.943686398225412404e+02 3.030527819319945024e+02
1.758879439719859938e+00 3.961918953159649845e+02 3.043960748196475379e+02
1.764882441220610332e+00 3.980232308510704797e+02 3.057447852970864233e+02
1.770885442721360725e+00 3.998626790002940652e+02 3.070989302356519488e+02
1.776888444222111119e+00 4.017102724373654041e+02 3.084585265113561832e+02
1.782891445722861512e+00 4.035660439373332338e+02 3.098235910043282502e+02
1.788894447223611905e+00 4.054300263765886712e+02 3.111941405982532842e+02
1.794897448724362077e+00 4.073022527328850515e+02 3.125701921798054173e+02
1.800900450225112470e+00 4.091827560853540149e+02 3.139517626380746833e+02
1.806903451725862864e+00 4.110715696145180118e+02 3.153388688639869315e+02
1.812906453226613257e+00 4.129687266022999097e+02 3.167315277497179409e+02
1.818909454727363650e+00 4.148742604320286773e+02 3.181297561881011688e+02
1.824912456228114044e+00 4.167882045884413174e+02 3.195335710720285647e+02
1.830915457728864437e+00 4.187105926576817296e+02 3.209429892938456419e+02
1.836918459229614831e+00 4.206414583272951973e+02 3.223580277447391040e+02
1.842921460730365224e+00 4.225808353862200306e+02 3.237787033141187862e+02
1.848924462231115617e+00 4.245287577247745503e+02 3.252050328889924344e+02
1.854927463731866011e+00 4.264852593346412277e+02 3.266370333533341181e+02
1.860930465232616404e+00 4.284503743088463352e+02 3.280747215874458789e+02
1.866933466733366576e+00 4.304241368417359581e+02 3.295181144673125004e+02
1.872936468234116969e+00 4.324065812289480846e+02 3.309672288639499698e+02
1.878939469734867362e+00 4.343977418673809439e+02 3.324220816427464342e+02
1.884942471235617756e+00 4.363976532551571381e+02 3.338826896627970768e+02
1.890945472736368149e+00 4.384063499915839088e+02 3.353490697762317154e+02
1.896948474237118543e+00 4.404238667771091968e+02 3.368212388275353533e+02
1.902951475737868936e+00 4.424502384132737802e+02 3.382992136528620222e+02
1.908954477238619329e+00 4.444854998026593194e+02 3.397830110793419180e+02
1.914957478739369723e+00 4.465296859488315135e+02 3.412726479243802942e+02
1.920960480240120116e+00 4.485828319562805859e+02 3.427681409949511817e+02
1.926963481740870510e+00 4.506449730303552315e+02 3.442695070868818448e+02
1.932966483241620903e+00 4.527161444771950300e+02 3.457767629841323469e+02
1.938969484742371296e+00 4.547963817036557543e+02 3.472899254580656248e+02
1.944972486243121468e+00 4.568857202172321195e+02 3.488090112667122185e+02
1.950975487743871861e+00 4.589841956259757012e+02 3.503340371540267029e+02
1.956978489244622255e+00 4.610918436384076244e+02 3.518650198491368428e+02
1.962981490745372648e+00 4.632087000634278411e+02 3.534019760655862683e+02
1.968984492246123041e+00 4.653348008102188373e+02 3.549449225005682251e+02
1.974987493746873435e+00 4.674701818881454756e+02 3.564938758341535276e+02
1.980990495247623828e+00 4.696148794066496635e+02 3.580488527285099281e+02
1.986993496748374222e+00 4.717689295751408736e+02 3.596098698271148351e+02
1.992996498249124615e+00 4.739323687028810355e+02 3.611769437539589944e+02
1.998999499749875008e+00 4.761052331988655055e+02 3.627500911127447125e+02
2.005002501250625180e+00 4.782875595716989210e+02 3.643293284860750987e+02
2.011005502751375573e+00 4.804793844294656537e+02 3.659146724346350652e+02
2.017008504252125967e+00 4.826807444795962851e+02 3.675061394963668704e+02
2.023011505752876360e+00 4.848916765287283397e+02 3.691037461856354298e+02
2.029014507253626753e+00 4.871122174825621869e+02 3.707075089923874316e+02
2.035017508754377147e+00 4.893424043457115999e+02 3.723174443813019820e+02
2.041020510255127540e+00 4.915822742215504491e+02 3.739335687909338617e+02
2.047023511755877934e+00 4.938318643120524598e+02 3.755558986328485958e+02
2.053026513256628327e+00 4.960912119176265378e+02 3.771844502907492824e+02
2.059029514757378720e+00 4.983603544369477731e+02 3.788192401195966568e+02
2.065032516258129114e+00 5.006393293667808848e+02 3.804602844447191501e+02
2.071035517758879507e+00 5.029281743018010502e+02 3.821075995609174356e+02
2.077038519259629901e+00 5.052269269344067766e+02 3.837612017315586854e+02
2.083041520760380294e+00 5.075356250545292482e+02 3.854211071876640631e+02
2.089044522261130687e+00 5.098543065494350230e+02 3.870873321269876328e+02
2.095047523761881081e+00 5.121830094035235561e+02 3.887598927130868560e+02
2.101050525262631474e+00 5.145217716981192098e+02 3.904388050743856979e+02
2.107053526763381868e+00 5.168706316112576360e+02 3.921240853032284690e+02
2.113056528264132261e+00 5.192296274174658492e+02 3.938157494549262765e+02
2.119059529764882654e+00 5.215987974875379223e+02 3.955138135467947222e+02
2.125062531265632604e+00 5.239781802883023829e+02 3.972182935571826761e+02
2.131065532766382997e+00 5.263678143823877917e+02 3.989292054244949099e+02
2.137068534267133391e+00 5.287677384279778607e+02 4.006465650462032499e+02
2.143071535767883784e+00 5.311779911785631612e+02 4.023703882778510774e+02
2.149074537268634177e+00 5.335986114826874882e+02 4.041006909320498153e+02
2.155077538769384571e+00 5.360296382836856992e+02 4.058374887774654667e+02
2.161080540270134964e+00 5.384711106194182548e+02 4.075807975377978778e+02
2.167083541770885358e+00 5.409230676219968927e+02 4.093306328907502234e+02
2.173086543271635751e+00 5.433855485175062086e+02 4.110870104669912735e+02
2.179089544772386144e+00 5.458585926257176197e+02 4.128499458491078258e+02
2.185092546273136538e+00 5.483422393597985547e+02 4.146194545705494079e+02
2.191095547773886931e+00 5.508365282260128879e+02 4.163955521145633725e+02
2.197098549274637325e+00 5.533414988234177372e+02 4.181782539131224894e+02
2.203101550775387718e+00 5.558571908435511659e+02 4.199675753458421923e+02
2.209104552276138111e+00 5.583836440701155652e+02 4.217635317388907765e+02
2.215107553776888505e+00 5.609208983786528506e+02 4.235661383638890811e+02
2.221110555277638898e+00 5.634689937362147703e+02 4.253754104368036906e+02
2.227113556778389292e+00 5.660279702010238907e+02 4.271913631168278584e+02
2.233116558279139685e+00 5.685978679221304901e+02 4.290140115052570309e+02
2.239119559779890078e+00 5.711787271390613796e+02 4.308433706443532287e+02
2.245122561280640472e+00 5.737705881814620170e+02 4.326794555162015854e+02
2.251125562781390865e+00 5.763734914687317996e+02 4.345222810415569938e+02
2.257128564282141259e+00 5.789874775096526491e+02 4.363718620786829092e+02
2.263131565782891652e+00 5.816125869020096388e+02 4.382282134221799197e+02
2.269134567283641601e+00 5.842488603322065046e+02 4.400913498018066434e+02
2.275137568784391995e+00 5.868963385748718338e+02 4.419612858812902800e+02
2.281140570285142388e+00 5.895550624924593421e+02 4.438380362571284650e+02
2.287143571785892782e+00 5.922250730348409888e+02 4.457216154573829954e+02
2.293146573286643175e+00 5.949064112388916783e+02 4.476120379404624146e+02
2.299149574787393568e+00 5.975991182280685052e+02 4.495093180938976616e+02
2.305152576288143962e+00 6.003032352119814732e+02 4.514134702331074323e+02
2.311155577788894355e+00 6.030188034859555728e+02 4.533245086001538198e+02
2.317158579289644749e+00 6.057458644305881990e+02 4.552424473624897132e+02
2.323161580790395142e+00 6.084844595112970183e+02 4.571673006116972147e+02
2.329164582291145535e+00 6.112346302778598783e+02 4.590990823622149719e+02
2.335167583791895929e+00 6.139964183639498287e+02 4.610378065500592015e+02
2.341170585292646322e+00 6.167698654866578636e+02 4.629834870315318653e+02
2.347173586793396716e+00 6.195550134460125946e+02 4.649361375819229920e+02
2.353176588294147109e+00 6.223519041244892378e+02 4.668957718942012320e+02
2.359179589794897502e+00 6.251605794865112102e+02 4.688624035776961705e+02
2.365182591295647896e+00 6.279810815779451332e+02 4.708360461567716584e+02
2.371185592796398289e+00 6.308134525255852623e+02 4.728167130694883440e+02
2.377188594297148683e+00 6.336577345366324607e+02 4.748044176662582458e+02
2.383191595797899076e+00 6.365139698981636229e+02 4.767991732084892647e+02
2.389194597298649470e+00 6.393822009765933672e+02 4.788009928672208844e+02
2.395197598799399863e+00 6.422624702171275430e+02 4.808098897217494709e+02
2.401200600300150256e+00 6.451548201432079850e+02 4.828258767582451583e+02
2.407203601800900650e+00 6.480592933559496487e+02 4.848489668683587297e+02
2.413206603301651043e+00 6.509759325335686526e+02 4.868791728478189498e+02
2.419209604802400992e+00 6.539047804308027025e+02 4.889165073950217106e+02
2.425212606303151386e+00 6.568458798783226484e+02 4.909609831096079233e+02
2.431215607803901779e+00 6.597992737821341507e+02 4.930126124910327690e+02
2.437218609304652173e+00 6.627650051229734345e+02 4.950714079371263665e+02
2.443221610805402566e+00 6.657431169556923578e+02 4.971373817426434130e+02
2.449224612306152959e+00 6.687336524086344980e+02 4.992105460978042402e+02
2.455227613806903353e+00 6.717366546830045309e+02 5.012909130868265493e+02
2.461230615307653746e+00 6.747521670522265822e+02 5.033784946864472545e+02
2.467233616808404140e+00 6.777802328612950760e+02 5.054733027644351750e+02
2.473236618309154533e+00 6.808208955261155779e+02 5.075753490780939501e+02
2.479239619809904926e+00 6.838741985328376813e+02 5.096846452727556880e+02
2.485242621310655320e+00 6.869401854371776608e+02 5.118012028802651230e+02
2.491245622811405713e+00 6.900188998637332816e+02 5.139250333174541083e+02
2.497248624312156107e+00 6.931103855052888321e+02 5.160561478846078671e+02
2.503251625812906500e+00 6.962146861221102654e+02 5.181945577639196472e+02
2.509254627313656894e+00 6.993318455412314734e+02 5.203402740179367356e+02
2.515257628814407287e+00 7.024619076557326025e+02 5.224933075879996522e+02
2.521260630315157680e+00 7.056049164240064329e+02 5.246536692926669048e+02
2.527263631815908074e+00 7.087609158690171398e+02 5.268213698261347417e+02
2.533266633316658467e+00 7.119299500775492788e+02 5.289964197566457642e+02
2.539269634817408861e+00 7.151120631994461974e+02 5.311788295248875329e+02
2.545272636318159254e+00 7.183072994468399202e+02 5.333686094423829900e+02
2.551275637818909647e+00 7.215157030933708029e+02 5.355657696898709901e+02
2.557278639319660041e+00 7.247373184733970675e+02 5.377703203156768268e+02
2.563281640820409990e+00 7.279721899811967205e+02 5.399822712340758244e+02
2.569284642321160383e+00 7.312203620701558293e+02 5.422016322236438555e+02
2.575287643821910777e+00 7.344818792519497492e+02 5.444284129256017195e+02
2.581290645322661170e+00 7.377567860957144603e+02 5.466626228421492897e+02
2.587293646823411564e+00 7.410451272272049437e+02 5.489042713347893141e+02
2.593296648324161957e+00 7.443469473279479871e+02 5.511533676226436000e+02
2.599299649824912350e+00 7.476622911343805526e+02 5.534099207807595349e+02
2.605302651325662744e+00 7.509912034369804132e+02 5.556739397384064887e+02
2.611305652826413137e+00 7.543337290793865577e+02 5.579454332773642591e+02
2.617308654327163531e+00 7.576899129575068628e+02 5.602244100302011702e+02
2.623311655827913924e+00 7.610598000186197396e+02 5.625108784785453508e+02
2.629314657328664318e+00 7.644434352604603191e+02 5.648048469513432792e+02
2.635317658829414711e+00 7.678408637302999296e+02 5.671063236231125302e+02
2.641320660330165104e+00 7.712521305240145466e+02 5.694153165121851998e+02
2.647323661830915498e+00 7.746772807851397147e+02 5.717318334789390519e+02
2.653326663331665891e+00 7.781163597039191018e+02 5.740558822240250265e+02
2.659329664832416285e+00 7.815694125163396393e+02 5.763874702865808786e+02
2.665332666333166678e+00 7.850364845031552932e+02 5.787266050424384503e+02
2.671335667833917071e+00 7.885176209889043548e+02 5.810732937023234399e+02
2.677338669334667465e+00 7.920128673409089970e+02 5.834275433100417558e+02
2.683341670835417858e+00 7.955222689682716464e+02 5.857893607406631418e+02
2.689344672336168252e+00 7.990458713208536210e+02 5.881587526986907051e+02
2.695347673836918645e+00 8.025837198882466055e+02 5.905357257162248743e+02
2.701350675337669038e+00 8.061358601987335533e+02 5.929202861511187166e+02
2.707353676838419432e+00 8.097023378182350370e+02 5.953124401851229095e+02
2.713356678339169381e+00 8.132831983492477548e+02 5.977121938220236643e+02
2.719359679839919774e+00 8.168784874297707574e+02 6.001195528857726913e+02
2.725362681340670168e+00 8.204882507322187166e+02 6.025345230186056824e+02
2.731365682841420561e+00 8.241125339623281434e+02 6.049571096791578384e+02
2.737368684342170955e+00 8.277513828580462132e+02 6.073873181405643891e+02
2.743371685842921348e+00 8.314048431884136789e+02 6.098251534885589535e+02
2.749374687343671742e+00 8.350729607524348239e+02 6.122706206195609866e+02
2.755377688844422135e+00 8.387557813779322942e+02 6.147237242387534479e+02
2.761380690345172528e+00 8.424533509203971562e+02 6.171844688581572882e+02
2.767383691845922922e+00 8.461657152618198552e+02 6.196528587946921789e+02
2.773386693346673315e+00 8.498929203095152616e+02 6.221288981682333770e+02
2.779389694847423709e+00 8.536350119949344162e+02 6.246125908996601765e+02
2.785392696348174102e+00 8.573920362724617235e+02 6.271039407088943562e+02
2.791395697848924495e+00 8.611640391182060057e+02 6.296029511129341927e+02
2.797398699349674889e+00 8.649510665287731399e+02 6.321096254238776737e+02
2.803401700850425282e+00 8.687531645200315324e+02 6.346239667469396863e+02
2.809404702351175676e+00 8.725703791258657702e+02 6.371459779784640887e+02
2.815407703851926069e+00 8.764027563969136736e+02 6.396756618039223667e+02
2.821410705352676462e+00 8.802503423992968692e+02 6.422130206959111547e+02
2.827413706853426856e+00 8.841131832133359012e+02 6.447580569121394092e+02
2.833416708354177249e+00 8.879913249322536331e+02 6.473107724934078533e+02
2.839419709854927643e+00 8.918848136608690993e+02 6.498711692615846687e+02
2.845422711355678036e+00 8.957936955142741908e+02 6.524392488175697054e+02
2.851425712856428429e+00 8.997180166165040873e+02 6.550150125392564178e+02
2.857428714357178379e+00 9.036578230991898408e+02 6.575984615794825459e+02
2.863431715857928772e+00 9.076131611002031150e+02 6.601895968639782950e+02
2.869434717358679165e+00 9.115840767622861449e+02 6.627884190893049663e+02
2.875437718859429559e+00 9.155706162316686232e+02 6.653949287207879024e+02
2.881440720360179952e+00 9.195728256566746950e+02 6.680091259904436356e+02
2.887443721860930346e+00 9.235907511863167656e+02 6.706310108949011237e+02
2.893446723361680739e+00 9.276244389688735055e+02 6.732605831933134368e+02
2.899449724862431133e+00 9.316739351504617161e+02 6.758978424052695573e+02
2.905452726363181526e+00 9.357392858735886421e+02 6.785427878086937881e+02
2.911455727863931919e+00 9.398205372756962106e+02 6.811954184377426600e+02
2.917458729364682313e+00 9.439177354876928803e+02 6.838557330806971777e+02
2.923461730865432706e+00 9.480309266324680948e+02 6.865237302778451749e+02
2.929464732366183100e+00 9.521601568234004844e+02 6.891994083193634424e+02
2.935467733866933493e+00 9.563054721628475363e+02 6.918827652431895103e+02
2.941470735367683886e+00 9.604669187406261699e+02 6.945737988328919528e+02
2.947473736868434280e+00 9.646445426324801247e+02 6.972725066155339846e+02
2.953476738369184673e+00 9.688383898985314318e+02 6.999788858595308056e+02
2.959479739869935067e+00 9.730485065817246095e+02 7.026929335725058081e+02
2.965482741370685460e+00 9.772749387062506230e+02 7.054146464991360972e+02
2.971485742871435853e+00 9.815177322759656136e+02 7.081440211190001719e+02
2.977488744372186247e+00 9.857769332727909841e+02 7.108810536444161698e+02
2.983491745872936640e+00 9.900525876551031388e+02 7.136257400182772699e+02
2.989494747373687034e+00 9.943447413561096937e+02 7.163780759118837977e+02
2.995497748874437427e+00 9.986534402822123866e+02 7.191380567227701022e+02
3.001500750375187376e+00 1.002978730311356799e+03 7.219056775725268835e+02
3.007503751875937770e+00 1.007320657291370253e+03 7.246809333046227266e+02
3.013506753376688163e+00 1.011679267038285502e+03 7.274638184822185849e+02
3.019509754877438557e+00 1.016054605334649864e+03 7.302543273859798774e+02
3.025512756378188950e+00 1.020446717927825262e+03 7.330524540118866526e+02
3.031515757878939343e+00 1.024855650528271326e+03 7.358581920690389779e+02
3.037518759379689737e+00 1.029281448807815650e+03 7.386715349774592596e+02
3.043521760880440130e+00 1.033724158397915062e+03 7.414924758658938799e+02
3.049524762381190524e+00 1.038183824887896662e+03 7.443210075696082413e+02
3.055527763881940917e+00 1.042660493823192837e+03 7.471571226281844247e+02
3.061530765382691310e+00 1.047154210703556373e+03 7.500008132833102081e+02
3.067533766883441704e+00 1.051665020981267844e+03 7.528520714765718367e+02
3.073536768384192097e+00 1.056192970059327990e+03 7.557108888472429271e+02
3.079539769884942491e+00 1.060738103289633500e+03 7.585772567300678020e+02
3.085542771385692884e+00 1.065300465971145513e+03 7.614511661530493711e+02
3.091545772886443277e+00 1.069880103348038801e+03 7.643326078352303057e+02
3.097548774387193671e+00 1.074477060607841622e+03 7.672215721844760310e+02
3.103551775887944064e+00 1.079091382879562389e+03 7.701180492952557870e+02
3.109554777388694458e+00 1.083723115231798602e+03 7.730220289464217558e+02
3.115557778889444851e+00 1.088372302670839190e+03 7.759335005989894398e+02
3.121560780390195244e+00 1.093038990138746613e+03 7.788524533939149705e+02
3.127563781890945638e+00 1.097723222511430095e+03 7.817788761498737813e+02
3.133566783391696031e+00 1.102425044596706130e+03 7.847127573610408717e+02
3.139569784892446425e+00 1.107144501132340110e+03 7.876540851948659565e+02
3.145572786393196818e+00 1.111881636784082730e+03 7.906028474898541845e+02
3.151575787893946767e+00 1.116636496143683416e+03 7.935590317533434472e+02
3.157578789394697161e+00 1.121409123726901043e+03 7.965226251592860081e+02
3.163581790895447554e+00 1.126199563971492807e+03 7.994936145460278567e+02
3.169584792396197948e+00 1.131007861235193104e+03 8.024719864140899972e+02
3.175587793896948341e+00 1.135834059793679216e+03 8.054577269239521229e+02
3.181590795397698734e+00 1.140678203838525178e+03 8.084508218938374284e+02
3.187593796898449128e+00 1.145540337475136766e+03 8.114512567974974218e+02
3.193596798399199521e+00 1.150420504720681038e+03 8.144590167620019656e+02
3.199599799899949915e+00 1.155318749501995853e+03 8.174740865655282960e+02
3.205602801400700308e+00 1.160235115653489402e+03 8.204964506351542468e+02
3.211605802901450701e+00 1.165169646915027442e+03 8.235260930446547718e+02
3.217608804402201095e+00 1.170122386929803497e+03 8.265629975122988071e+02
3.223611805902951488e+00 1.175093379242200172e+03 8.296071473986519322e+02
3.229614807403701882e+00 1.180082667295633428e+03 8.326585257043806223e+02
3.235617808904452275e+00 1.185090294430386848e+03 8.357171150680613891e+02
3.241620810405202668e+00 1.190116303881432259e+03 8.387828977639936738e+02
3.247623811905953062e+00 1.195160738776232847e+03 8.418558557000142173e+02
3.253626813406703455e+00 1.200223642132541272e+03 8.449359704153209805e+02
3.259629814907453849e+00 1.205305056856177089e+03 8.480232230782959277e+02
3.265632816408204242e+00 1.210405025738794848e+03 8.511175944843373600e+02
3.271635817908954635e+00 1.215523591455640371e+03 8.542190650536948624e+02
3.277638819409705029e+00 1.220660796563289296e+03 8.573276148293095957e+02
3.283641820910455422e+00 1.225816683497378108e+03 8.604432234746615222e+02
3.289644822411205816e+00 1.230991294570318132e+03 8.635658702716219750e+02
3.295647823911955765e+00 1.236184671968997918e+03 8.666955341183104338e+02
3.301650825412706158e+00 1.241396857752478127e+03 8.698321935269643745e+02
3.307653826913456552e+00 1.246627893849660722e+03 8.729758266218052540e+02
3.313656828414206945e+00 1.251877822056958621e+03 8.761264111369209786e+02
3.319659829914957339e+00 1.257146684035947146e+03 8.792839244141515564e+02
3.325662831415707732e+00 1.262434521311000708e+03 8.824483434009816847e+02
3.331665832916458125e+00 1.267741375266922205e+03 8.856196446484444778e+02
3.337668834417208519e+00 1.273067287146553326e+03 8.887978043090279243e+02
3.343671835917958912e+00 1.278412298048378034e+03 8.919827981345956687e+02
3.349674837418709306e+00 1.283776448924112401e+03 8.951746014743135902e+02
3.355677838919459699e+00 1.289159780576277853e+03 8.983731892725842272e+02
3.361680840420210092e+00 1.294562333655768725e+03 9.015785360669934789e+02
3.367683841920960486e+00 1.299984148659400944e+03 9.047906159862642426e+02
3.373686843421710879e+00 1.305425265927452756e+03 9.080094027482213050e+02
3.379689844922461273e+00 1.310885725641193176e+03 9.112348696577674900e+02
3.385692846423211666e+00 1.316365567820395199e+03 9.144669896048671944e+02
3.391695847923962059e+00 1.321864832320840378e+03 9.177057350625440222e+02
3.397698849424712453e+00 1.327383558831809296e+03 9.209510780848875129e+02
3.403701850925462846e+00 1.332921786873559313e+03 9.242029903050712392e+02
3.409704852426213240e+00 1.338479555794796170e+03 9.274614429333861381e+02
3.415707853926963633e+00 1.344056904770123992e+03 9.307264067552795268e+02
3.421710855427714026e+00 1.349653872797493705e+03 9.339978521294129905e+02
3.427713856928464420e+00 1.355270498695633023e+03 9.372757489857297060e+02
3.433716858429214813e+00 1.360906821101466221e+03 9.405600668235330204e+02
3.439719859929964763e+00 1.366562878467526389e+03 9.438507747095849254e+02
3.445722861430715156e+00 1.372238709059350413e+03 9.471478412762106700e+02
3.451725862931465549e+00 1.377934350952865543e+03 9.504512347194208814e+02
3.457728864432215943e+00 1.383649842031767776e+03 9.537609227970514212e+02
3.463731865932966336e+00 1.389385219984880223e+03 9.570768728269094936e+02
3.469734867433716730e+00 1.395140522303512398e+03 9.603990516849444248e+02
3.475737868934467123e+00 1.400915786278797668e+03 9.637274258034268541e+02
3.481740870435217516e+00 1.406711048999025479e+03 9.670619611691454338e+02
3.487743871935967910e+00 1.412526347346964712e+03 9.704026233216230821e+02
3.493746873436718303e+00 1.418361717997168398e+03 9.737493773513444921e+02
3.499749874937468697e+00 1.424217197413277972e+03 9.771021878980037627e+02
3.505752876438219090e+00 1.430092821845307526e+03 9.804610191487679458e+02
3.511755877938969483e+00 1.435988627326924416e+03 9.838258348365584425e+02
3.517758879439719877e+00 1.441904649672718506e+03 9.871965982383503615e+02
3.523761880940470270e+00 1.447840924475456177e+03 9.905732721734893858e+02
3.529764882441220664e+00 1.453797487103333197e+03 9.939558190020293296e+02
3.535767883941971057e+00 1.459774372697207582e+03 9.973442006230839070e+02
3.541770885442721450e+00 1.465771616167831326e+03 1.000738378473204648e+03
3.547773886943471844e+00 1.471789252193068023e+03 1.004138313524772116e+03
3.553776888444222237e+00 1.477827315215099588e+03 1.007543966284410203e+03
3.559779889944972631e+00 1.483885839437629102e+03 1.010955296791421915e+03
3.565782891445723024e+00 1.489964858823067971e+03 1.014372264616243001e+03
3.571785892946473417e+00 1.496064407089716951e+03 1.017794828858917072e+03
3.577788894447223811e+00 1.502184517708941257e+03 1.021222948147597435e+03
3.583791895947974204e+00 1.508325223902327707e+03 1.024656580637061779e+03
3.589794897448724154e+00 1.514486558638843690e+03 1.028095684007256750e+03
3.595797898949474547e+00 1.520668554631980214e+03 1.031540215461862999e+03
3.601800900450224940e+00 1.526871244336887685e+03 1.034990131726880236e+03
3.607803901950975334e+00 1.533094659947507125e+03 1.038445389049240703e+03
3.613806903451725727e+00 1.539338833393687310e+03 1.041905943195442887e+03
3.619809904952476121e+00 1.545603796338297343e+03 1.045371749450209336e+03
3.625812906453226514e+00 1.551889580174332878e+03 1.048842762615172887e+03
3.631815907953976907e+00 1.558196216022008230e+03 1.052318937007582235e+03
3.637818909454727301e+00 1.564523734725850090e+03 1.055800226459038413e+03
3.643821910955477694e+00 1.570872166851772135e+03 1.059286584314251286e+03
3.649824912456228088e+00 1.577241542684153501e+03 1.062777963429827878e+03
3.655827913956978481e+00 1.583631892222903844e+03 1.066274316173083434e+03
3.661830915457728874e+00 1.590043245180520444e+03 1.069775594420880225e+03
3.667833916958479268e+00 1.596475630979144853e+03 1.073281749558495221e+03
3.673836918459229661e+00 1.602929078747604080e+03 1.076792732478512107e+03
3.679839919959980055e+00 1.609403617318452007e+03 1.080308493579744209e+03
3.685842921460730448e+00 1.615899275225003066e+03 1.083828982766187210e+03
3.691845922961480841e+00 1.622416080698355699e+03 1.087354149445995745e+03
3.697848924462231235e+00 1.628954061664417168e+03 1.090883942530493641e+03
3.703851925962981628e+00 1.635513245740913362e+03 1.094418310433212582e+03
3.709854927463732022e+00 1.642093660234400204e+03 1.097957201068959421e+03
3.715857928964482415e+00 1.648695332137268679e+03 1.101500561852917372e+03
3.721860930465232808e+00 1.655318288124739183e+03 1.105048339699774033e+03
3.727863931965983202e+00 1.661962554551859284e+03 1.108600481022884196e+03
3.733866933466733151e+00 1.668628157450485332e+03 1.112156931733460397e+03
3.739869934967483545e+00 1.675315122526272035e+03 1.115717637239800297e+03
3.745872936468233938e+00 1.682023475155649749e+03 1.119282542446544767e+03
3.751875937968984331e+00 1.688753240382794502e+03 1.122851591753964613e+03
3.757878939469734725e+00 1.695504442916603466e+03 1.126424729057287550e+03
3.763881940970485118e+00 1.702277107127659065e+03 1.130001897746054283e+03
3.769884942471235512e+00 1.709071257045191260e+03 1.133583040703510505e+03
3.775887943971985905e+00 1.715886916354038476e+03 1.137168100306033011e+03
3.781890945472736298e+00 1.722724108391599430e+03 1.140757018422588999e+03
3.787893946973486692e+00 1.729582856144788593e+03 1.144349736414233803e+03
3.793896948474237085e+00 1.736463182246987117e+03 1.147946195133643187e+03
3.799899949974987479e+00 1.743365108974984651e+03 1.151546334924679059e+03
3.805902951475737872e+00 1.750288658245929355e+03 1.155150095621996797e+03
3.811905952976488265e+00 1.757233851614265632e+03 1.158757416550683956e+03
3.817908954477238659e+00 1.764200710268675948e+03 1.162368236525940802e+03
3.823911955977989052e+00 1.771189255029021297e+03 1.165982493852796324e+03
3.829914957478739446e+00 1.778199506343273015e+03 1.169600126325861766e+03
3.835917958979489839e+00 1.785231484284453700e+03 1.173221071229125073e+03
3.841920960480240232e+00 1.792285208547566072e+03 1.176845265335781505e+03
3.847923961980990626e+00 1.799360698446529568e+03 1.180472644908105167e+03
3.853926963481741019e+00 1.806457972911112847e+03 1.184103145697360333e+03
3.859929964982491413e+00 1.813577050483864696e+03 1.187736702943751652e+03
3.865932966483241806e+00 1.820717949317047669e+03 1.191373251376416192e+03
3.871935967983992199e+00 1.827880687169567864e+03 1.195012725213455042e+03
3.877938969484742593e+00 1.835065281403909239e+03 1.198655058162006753e+03
3.883941970985492542e+00 1.842271748983067937e+03 1.202300183418363986e+03
3.889944972486242936e+00 1.849500106467482510e+03 1.205948033668127664e+03
3.895947973986993329e+00 1.856750370011970745e+03 1.209598541086409568e+03
3.901950975487743722e+00 1.864022555362667617e+03 1.213251637338072669e+03
3.907953976988494116e+00 1.871316677853958936e+03 1.216907253578016935e+03
3.913956978489244509e+00 1.878632752405426118e+03 1.220565320451510161e+03
3.919959979989994903e+00 1.885970793518783239e+03 1.224225768094557225e+03
3.925962981490745296e+00 1.893330815274822953e+03 1.227888526134320273e+03
3.931965982991495689e+00 1.900712831330365589e+03 1.231553523689580970e+03
3.937968984492246083e+00 1.908116854915204385e+03 1.235220689371244134e+03
3.943971985992996476e+00 1.915542898829063461e+03 1.238889951282894572e+03
3.949974987493746870e+00 1.922990975438548958e+03 1.242561237021391207e+03
3.955977988994497263e+00 1.930461096674111332e+03 1.246234473677512142e+03
3.961980990495247656e+00 1.937953274027012867e+03 1.249909587836648825e+03
3.967983991995998050e+00 1.945467518546288602e+03 1.253586505579538652e+03
3.973986993496748443e+00 1.953003840835726351e+03 1.257265152483053271e+03
3.979989994997498837e+00 1.960562251050840359e+03 1.260945453621029401e+03
3.985992996498249230e+00 1.968142758895854513e+03 1.264627333565149002e+03
3.991995997998999623e+00 1.975745373620693499e+03 1.268310716385869000e+03
3.997998999499750017e+00 1.983370104017972835e+03 1.271995525653397181e+03
4.004002001000499966e+00 1.991016958420001856e+03 1.275681684438718776e+03
4.010005002501250360e+00 1.998685944695790567e+03 1.279369115314672172e+03
4.016008004002000753e+00 2.006377070248057862e+03 1.283057740357071907e+03
4.022011005502751146e+00 2.014090342010258382e+03 1.286747481145886923e+03
4.028014007003501540e+00 2.021825766443603243e+03 1.290438258766461558e+03
4.034017008504251933e+00 2.029583349534097806e+03 1.294129993810794531e+03
4.040020010005002327e+00 2.037363096789585825e+03 1.297822606378864748e+03
4.046023011505752720e+00 2.045165013236794266e+03 1.301516016080007148e+03
4.052026013006503113e+00 2.052989103418399282e+03 1.305210142034344926e+03
4.058029014507253507e+00 2.060835371390087403e+03 1.308904902874268373e+03
4.064032016008003900e+00 2.068703820717635608e+03 1.312600216745969192e+03
4.070035017508754294e+00 2.076594454474000031e+03 1.316296001311026430e+03
4.076038019009504687e+00 2.084507275236403530e+03 1.319992173748043115e+03
4.082041020510255080e+00 2.092442285083451679e+03 1.323688650754340870e+03
4.088044022011005474e+00 2.100399485592240580e+03 1.327385348547700687e+03
4.094047023511755867e+00 2.108378877835485582e+03 1.331082182868162818e+03
4.100050025012506261e+00 2.116380462378665015e+03 1.334779068979881458e+03
4.106053026513256654e+00 2.124404239277159377e+03 1.338475921673026278e+03
4.112056028014007047e+00 2.132450208073419162e+03 1.342172655265745789e+03
4.118059029514757441e+00 2.140518367794134065e+03 1.345869183606182105e+03
4.124062031015507834e+00 2.148608716947417179e+03 1.349565420074539588e+03
4.130065032516258228e+00 2.156721253520006940e+03 1.353261277585212838e+03
4.136068034017008621e+00 2.164855974974469973e+03 1.356956668588962884e+03
4.142071035517759015e+00 2.173012878246433047e+03 1.360651505075158639e+03
4.148074037018509408e+00 2.181191959741811843e+03 1.364345698574063590e+03
4.154077038519259801e+00 2.189393215334068373e+03 1.368039160159186849e+03
4.160080040020010195e+00 2.197616640361472946e+03 1.371731800449686489e+03
4.166083041520760588e+00 2.205862229624384781e+03 1.375423529612830862e+03
4.172086043021510982e+00 2.214129977382548532e+03 1.379114257366515176e+03
4.178089044522261375e+00 2.222419877352400363e+03 1.382803892981835816e+03
4.184092046023011768e+00 2.230731922704397675e+03 1.386492345285721512e+03
4.190095047523762162e+00 2.239066106060360198e+03 1.390179522663623857e+03
4.196098049024512555e+00 2.247422419490824723e+03 1.393865333062260561e+03
4.202101050525262949e+00 2.255800854512425303e+03 1.397549683992421251e+03
4.208104052026013342e+00 2.264201402085278914e+03 1.401232482531827827e+03
4.214107053526763735e+00 2.272624052610398394e+03 1.404913635328053942e+03
4.220110055027514129e+00 2.281068795927119027e+03 1.408593048601503597e+03
4.226113056528264522e+00 2.289535621310541501e+03 1.412270628148445439e+03
4.232116058029014916e+00 2.298024517468996237e+03 1.415946279344108007e+03
4.238119059529765309e+00 2.306535472541526360e+03 1.419619907145832030e+03
4.244122061030515702e+00 2.315068474095384317e+03 1.423291416096280955e+03
4.250125062531265208e+00 2.323623509123558506e+03 1.426960710326712615e+03
4.256128064032015601e+00 2.332200564042310361e+03 1.430627693560306852e+03
4.262131065532765994e+00 2.340799624688735094e+03 1.434292269115554291e+03
4.268134067033516388e+00 2.349420676318340156e+03 1.437954339909701957e+03
4.274137068534266781e+00 2.358063703602651913e+03 1.441613808462261204e+03
4.280140070035017175e+00 2.366728690626834577e+03 1.445270576898570880e+03
4.286143071535767568e+00 2.375415620887339628e+03 1.448924546953424851e+03
4.292146073036517961e+00 2.384124477289565220e+03 1.452575619974752726e+03
4.298149074537268355e+00 2.392855242145553802e+03 1.456223696927366518e+03
4.304152076038018748e+00 2.401607897171694276e+03 1.459868678396759833e+03
4.310155077538769142e+00 2.410382423486463722e+03 1.463510464592972767e+03
4.316158079039519535e+00 2.419178801608183676e+03 1.467148955354514328e+03
4.322161080540269928e+00 2.427997011452797778e+03 1.470784050152340797e+03
4.328164082041020322e+00 2.436837032331684441e+03 1.474415648093900245e+03
4.334167083541770715e+00 2.445698842949480877e+03 1.478043647927230495e+03
4.340170085042521109e+00 2.454582421401938518e+03 1.481667948045118692e+03
4.346173086543271502e+00 2.463487745173810254e+03 1.485288446489324770e+03
4.352176088044021895e+00 2.472414791136743133e+03 1.488905040954854940e+03
4.358179089544772289e+00 2.481363535547225183e+03 1.492517628794306120e+03
4.364182091045522682e+00 2.490333954044528582e+03 1.496126107022258566e+03
4.370185092546273076e+00 2.499326021648703772e+03 1.499730372319736261e+03
4.376188094047023469e+00 2.508339712758587666e+03 1.503330321038723469e+03
4.382191095547773863e+00 2.517375001149838226e+03 1.506925849206739031e+03
4.388194097048524256e+00 2.526431859973009523e+03 1.510516852531473205e+03
4.394197098549274649e+00 2.535510261751636790e+03 1.514103226405481109e+03
4.400200100050025043e+00 2.544610178380362413e+03 1.517684865910934832e+03
4.406203101550775436e+00 2.553731581123090109e+03 1.521261665824437159e+03
4.412206103051525830e+00 2.562874440611158661e+03 1.524833520621890329e+03
4.418209104552276223e+00 2.572038726841559310e+03 1.528400324483427767e+03
4.424212106053026616e+00 2.581224409175168148e+03 1.531961971298399021e+03
4.430215107553777010e+00 2.590431456335019448e+03 1.535518354670418148e+03
4.436218109054527403e+00 2.599659836404606267e+03 1.539069367922467109e+03
4.442221110555277797e+00 2.608909516826207437e+03 1.542614904102057608e+03
4.448224112056028190e+00 2.618180464399255470e+03 1.546154855986452503e+03
4.454227113556778583e+00 2.627472645278723576e+03 1.549689116087940874e+03
4.460230115057528977e+00 2.636786024973554049e+03 1.553217576659176530e+03
4.466233116558279370e+00 2.646120568345119409e+03 1.556740129698567898e+03
4.472236118059029764e+00 2.655476239605704905e+03 1.560256666955727496e+03
4.478239119559780157e+00 2.664853002317038317e+03 1.563767079936980053e+03
4.484242121060530550e+00 2.674250819388842046e+03 1.567271259910922254e+03
4.490245122561280944e+00 2.683669653077422936e+03 1.570769097914042732e+03
4.496248124062031337e+00 2.693109464984301212e+03 1.574260484756398910e+03
4.502251125562781731e+00 2.702570216054859884e+03 1.577745311027342950e+03
4.508254127063532124e+00 2.712051866577045530e+03 1.581223467101313645e+03
4.514257128564282517e+00 2.721554376180089093e+03 1.584694843143671960e+03
4.520260130065032911e+00 2.731077703833271698e+03 1.588159329116600247e+03
4.526263131565783304e+00 2.740621807844724117e+03 1.591616814785052838e+03
4.532266133066533698e+00 2.750186645860256704e+03 1.595067189722758258e+03
4.538269134567283203e+00 2.759772174862232077e+03 1.598510343318280547e+03
4.544272136068033596e+00 2.769378351168475547e+03 1.601946164781130619e+03
4.550275137568783990e+00 2.779005130431209636e+03 1.605374543147928989e+03
4.556278139069534383e+00 2.788652467636042729e+03 1.608795367288626949e+03
4.562281140570284776e+00 2.798320317100985449e+03 1.612208525912775258e+03
4.568284142071035170e+00 2.808008632475503418e+03 1.615613907575847179e+03
4.574287143571785563e+00 2.817717366739617319e+03 1.619011400685610624e+03
4.580290145072535957e+00 2.827446472203030680e+03 1.622400893508555555e+03
4.586293146573286350e+00 2.837195900504300425e+03 1.625782274176367764e+03
4.592296148074036743e+00 2.846965602610054702e+03 1.629155430692457230e+03
4.598299149574787137e+00 2.856755528814232548e+03 1.632520250938531262e+03
4.604302151075537530e+00 2.866565628737381303e+03 1.635876622681222216e+03
4.610305152576287924e+00 2.876395851325980402e+03 1.639224433578759317e+03
4.616308154077038317e+00 2.886246144851812915e+03 1.642563571187694379e+03
4.622311155577788711e+00 2.896116456911377099e+03 1.645893922969668893e+03
4.628314157078539104e+00 2.906006734425333889e+03 1.649215376298235697e+03
4.634317158579289497e+00 2.915916923638002118e+03 1.652527818465720884e+03
4.640320160080039891e+00 2.925846970116887405e+03 1.655831136690136418e+03
4.646323161580790284e+00 2.935796818752260151e+03 1.659125218122136630e+03
4.652326163081540678e+00 2.945766413756772181e+03 1.662409949852023146e+03
4.658329164582291071e+00 2.955755698665112959e+03 1.665685218916787562e+03
4.664332166083041464e+00 2.965764616333715821e+03 1.668950912307206863e+03
4.670335167583791858e+00 2.975793108940495131e+03 1.672206916974977275e+03
4.676338169084542251e+00 2.985841117984636639e+03 1.675453119839889723e+03
4.682341170585292645e+00 2.995908584286432415e+03 1.678689407797054855e+03
4.688344172086043038e+00 3.005995447987143507e+03 1.681915667724160585e+03
4.694347173586793431e+00 3.016101648548928551e+03 1.685131786488777834e+03
4.700350175087543825e+00 3.026227124754797387e+03 1.688337650955703111e+03
4.706353176588294218e+00 3.036371814708619240e+03 1.691533147994342471e+03
4.712356178089044612e+00 3.046535655835174566e+03 1.694718164486135265e+03
4.718359179589795005e+00 3.056718584880245089e+03 1.697892587332013136e+03
4.724362181090545398e+00 3.066920537910758412e+03 1.701056303459901756e+03
4.730365182591295792e+00 3.077141450314968097e+03 1.704209199832254171e+03
4.736368184092046185e+00 3.087381256802685584e+03 1.707351163453625986e+03
4.742371185592796579e+00 3.097639891405559410e+03 1.710482081378283965e+03
4.748374187093546972e+00 3.107917287477388072e+03 1.713601840717846017e+03
4.754377188594297365e+00 3.118213377694496103e+03 1.716710328648963696e+03
4.760380190095047759e+00 3.128528094056142436e+03 1.719807432421029489e+03
4.766383191595798152e+00 3.138861367884979700e+03 1.722893039363922526e+03
4.772386193096548546e+00 3.149213129827566263e+03 1.725967036895786350e+03
4.778389194597298939e+00 3.159583309854913296e+03 1.729029312530832385e+03
4.784392196098049332e+00 3.169971837263089128e+03 1.732079753887181596e+03
4.790395197598799726e+00 3.180378640673864538e+03 1.735118248694728663e+03
4.796398199099550119e+00 3.190803648035405331e+03 1.738144684803040263e+03
4.802401200600300513e+00 3.201246786623021762e+03 1.741158950189279494e+03
4.808404202101050906e+00 3.211707983039950250e+03 1.744160932966156679e+03
4.814407203601801299e+00 3.222187163218196474e+03 1.747150521389906999e+03
4.820410205102551693e+00 3.232684252419418499e+03 1.750127603868295637e+03
4.826413206603302086e+00 3.243199175235857638e+03 1.753092068968642252e+03
4.832416208104051591e+00 3.253731855591327985e+03 1.756043805425879327e+03
4.838419209604801985e+00 3.264282216742243691e+03 1.758982702150622572e+03
4.844422211105552378e+00 3.274850181278689888e+03 1.761908648237266561e+03
4.850425212606302772e+00 3.285435671125564568e+03 1.764821532972108571e+03
4.856428214107053165e+00 3.296038607543744092e+03 1.767721245841482869e+03
4.862431215607803558e+00 3.306658911131309651e+03 1.770607676539920249e+03
4.868434217108553952e+00 3.317296501824828283e+03 1.773480714978323022e+03
4.874437218609304345e+00 3.327951298900669372e+03 1.776340251292163657e+03
4.880440220110054739e+00 3.338623220976380708e+03 1.779186175849688425e+03
4.886443221610805132e+00 3.349312186012110942e+03 1.782018379260150823e+03
4.892446223111555526e+00 3.360018111312076144e+03 1.784836752382047280e+03
4.898449224612305919e+00 3.370740913526089116e+03 1.787641186331376048e+03
4.904452226113056312e+00 3.381480508651122364e+03 1.790431572489901782e+03
4.910455227613806706e+00 3.392236812032933358e+03 1.793207802513438082e+03
4.916458229114557099e+00 3.403009738367729824e+03 1.795969768340135261e+03
4.922461230615307493e+00 3.413799201703893686e+03 1.798717362198783803e+03
4.928464232116057886e+00 3.424605115443751856e+03 1.801450476617120557e+03
4.934467233616808279e+00 3.435427392345387943e+03 1.804169004430147879e+03
4.940470235117558673e+00 3.446265944524523547e+03 1.806872838788458466e+03
4.946473236618309066e+00 3.457120683456423649e+03 1.809561873166562009e+03
4.952476238119059460e+00 3.467991519977878397e+03 1.812236001371225029e+03
4.958479239619809853e+00 3.478878364289219462e+03 1.814895117549804809e+03
4.964482241120560246e+00 3.489781125956381857e+03 1.817539116198594229e+03
4.970485242621310640e+00 3.500699713913036703e+03 1.820167892171164112e+03
4.976488244122061033e+00 3.511634036462751283e+03 1.822781340686706926e+03
4.982491245622811427e+00 3.522584001281208202e+03 1.825379357338380487e+03
4.988494247123561820e+00 3.533549515418486862e+03 1.827961838101651665e+03
4.994497248624312213e+00 3.544530485301367207e+03 1.830528679342634405e+03
5.000500250125062607e+00 3.555526816735714874e+03 1.833079777826427517e+03
5.006503251625813000e+00 3.566538414908891355e+03 1.835615030725447014e+03
5.012506253126563394e+00 3.577565184392227366e+03 1.838134335627750716e+03
5.018509254627313787e+00 3.588607029143542604e+03 1.840637590545358989e+03
5.024512256128064180e+00 3.599663852509719618e+03 1.843124693922566394e+03
5.030515257628814574e+00 3.610735557229315873e+03 1.845595544644244683e+03
5.036518259129564967e+00 3.621822045435240852e+03 1.848050042044135807e+03
5.042521260630315361e+00 3.632923218657467714e+03 1.850488085913131272e+03
5.048524262131065754e+00 3.644038977825811344e+03 1.852909576507546262e+03
5.054527263631816147e+00 3.655169223272743693e+03 1.855314414557373311e+03
5.060530265132566541e+00 3.666313854736256872e+03 1.857702501274523229e+03
5.066533266633316934e+00 3.677472771362788990e+03 1.860073738361054438e+03
5.072536268134067328e+00 3.688645871710184565e+03 1.862428028017380711e+03
5.078539269634817721e+00 3.699833053750709951e+03 1.864765272950463896e+03
5.084542271135568114e+00 3.711034214874132431e+03 1.867085376381988453e+03
5.090545272636318508e+00 3.722249251890815231e+03 1.869388242056513718e+03
5.096548274137068901e+00 3.733478061034893017e+03 1.871673774249605458e+03
5.102551275637819295e+00 3.744720537967480141e+03 1.873941877775947660e+03
5.108554277138569688e+00 3.755976577779928903e+03 1.876192457997429074e+03
5.114557278639320081e+00 3.767246074997149663e+03 1.878425420831205201e+03
5.120560280140070475e+00 3.778528923580951869e+03 1.880640672757735729e+03
5.126563281640819980e+00 3.789825016933459665e+03 1.882838120828792171e+03
5.132566283141570374e+00 3.801134247900568425e+03 1.885017672675445283e+03
5.138569284642320767e+00 3.812456508775435850e+03 1.887179236516014043e+03
5.144572286143071160e+00 3.823791691302034906e+03 1.889322721163990309e+03
5.150575287643821554e+00 3.835139686678760881e+03 1.891448036035931409e+03
5.156578289144571947e+00 3.846500385562058455e+03 1.893555091159321819e+03
5.162581290645322341e+00 3.857873678070123333e+03 1.895643797180394813e+03
5.168584292146072734e+00 3.869259453786634822e+03 1.897714065371928200e+03
5.174587293646823127e+00 3.880657601764543870e+03 1.899765807641000265e+03
5.180590295147573521e+00 3.892068010529907951e+03 1.901798936536707743e+03
5.186593296648323914e+00 3.903490568085753694e+03 1.903813365257847863e+03
5.192596298149074308e+00 3.914925161916014531e+03 1.905809007660561065e+03
5.198599299649824701e+00 3.926371678989493375e+03 1.907785778265933004e+03
5.204602301150575094e+00 3.937830005763875761e+03 1.909743592267554732e+03
5.210605302651325488e+00 3.949300028189797558e+03 1.911682365539043531e+03
5.216608304152075881e+00 3.960781631714936339e+03 1.913602014641514643e+03
5.222611305652826275e+00 3.972274701288172764e+03 1.915502456831015024e+03
5.228614307153576668e+00 3.983779121363776994e+03 1.917383610065905941e+03
5.234617308654327061e+00 3.995294775905650113e+03 1.919245393014201909e+03
5.240620310155077455e+00 4.006821548391608758e+03 1.921087725060860976e+03
5.246623311655827848e+00 4.018359321817702948e+03 1.922910526315024072e+03
5.252626313156578242e+00 4.029907978702592118e+03 1.924713717617209113e+03
5.258629314657328635e+00 4.041467401091952979e+03 1.926497220546446670e+03
5.264632316158079028e+00 4.053037470562931503e+03 1.928260957427371977e+03
5.270635317658829422e+00 4.064618068228654920e+03 1.930004851337256696e+03
5.276638319159579815e+00 4.076209074742749635e+03 1.931728826112988372e+03
5.282641320660330209e+00 4.087810370303936907e+03 1.933432806357996697e+03
5.288644322161080602e+00 4.099421834660645800e+03 1.935116717449120188e+03
5.294647323661830995e+00 4.111043347115683900e+03 1.936780485543417171e+03
5.300650325162581389e+00 4.122674786530942583e+03 1.938424037584918096e+03
5.306653326663331782e+00 4.134316031332129569e+03 1.940047301311315550e+03
5.312656328164082176e+00 4.145966959513562870e+03 1.941650205260599478e+03
5.318659329664832569e+00 4.157627448642993841e+03 1.943232678777623278e+03
5.324662331165582962e+00 4.169297375866466609e+03 1.944794652020613057e+03
5.330665332666333356e+00 4.180976617913228438e+03 1.946336055967612083e+03
5.336668334167083749e+00 4.192665051100656456e+03 1.947856822422855657e+03
5.342671335667834143e+00 4.204362551339250786e+03 1.949356884023088924e+03
5.348674337168584536e+00 4.216068994137638583e+03 1.950836174243810319e+03
5.354677338669334929e+00 4.227784254607634466e+03 1.952294627405449319e+03
5.360680340170085323e+00 4.239508207469335503e+03 1.953732178679479830e+03
5.366683341670835716e+00 4.251240727056237120e+03 1.955148764094458329e+03
5.372686343171586110e+00 4.262981687320402671e+03 1.956544320541993557e+03
5.378689344672336503e+00 4.274730961837661198e+03 1.957918785782646410e+03
5.384692346173086896e+00 4.286488423812837937e+03 1.959272098451753209e+03
5.390695347673837290e+00 4.298253946085033931e+03 1.960604198065182118e+03
5.396698349174587683e+00 4.310027401132914747e+03 1.961915025025008390e+03
5.402701350675338077e+00 4.321808661080053753e+03 1.963204520625117766e+03
5.408704352176088470e+00 4.333597597700303595e+03 1.964472627056735519e+03
5.414707353676838864e+00 4.345394082423194959e+03 1.965719287413874326e+03
5.420710355177588369e+00 4.357197986339379895e+03 1.966944445698708023e+03
5.426713356678338762e+00 4.369009180206095152e+03 1.968148046826865084e+03
5.432716358179089156e+00 4.380827534452654618e+03 1.969330036632641850e+03
5.438719359679839549e+00 4.392652919185987230e+03 1.970490361874136170e+03
5.444722361180589942e+00 4.404485204196198538e+03 1.971628970238300781e+03
5.450725362681340336e+00 4.416324258962157728e+03 1.972745810345914151e+03
5.456728364182090729e+00 4.428169952657122849e+03 1.973840831756467651e+03
5.462731365682841123e+00 4.440022154154381496e+03 1.974913984972968137e+03
5.468734367183591516e+00 4.451880732032937885e+03 1.975965221446660280e+03
5.474737368684341909e+00 4.463745554583215380e+03 1.976994493581658617e+03
5.480740370185092303e+00 4.475616489812788132e+03 1.978001754739499120e+03
5.486743371685842696e+00 4.487493405452150910e+03 1.978986959243597312e+03
5.492746373186593090e+00 4.499376168960493487e+03 1.979950062383626118e+03
5.498749374687343483e+00 4.511264647531522314e+03 1.980891020419801407e+03
5.504752376188093876e+00 4.523158708099297655e+03 1.981809790587077714e+03
5.510755377688844270e+00 4.535058217344097102e+03 1.982706331099260296e+03
5.516758379189594663e+00 4.546963041698305460e+03 1.983580601153020098e+03
5.522761380690345057e+00 4.558873047352321919e+03 1.984432560931821854e+03
5.528764382191095450e+00 4.570788100260500869e+03 1.985262171609760799e+03
5.534767383691845843e+00 4.582708066147106365e+03 1.986069395355305005e+03
5.540770385192596237e+00 4.594632810512291144e+03 1.986854195334947008e+03
5.546773386693346630e+00 4.606562198638106565e+03 1.987616535716761746e+03
5.552776388194097024e+00 4.618496095594517101e+03 1.988356381673869691e+03
5.558779389694847417e+00 4.630434366245443925e+03 1.989073699387807665e+03
5.564782391195597810e+00 4.642376875254834886e+03 1.989768456051800740e+03
5.570785392696348204e+00 4.654323487092737196e+03 1.990440619873942069e+03
5.576788394197098597e+00 4.666274066041413789e+03 1.991090160080277656e+03
5.582791395697848991e+00 4.678228476201449666e+03 1.991717046917789048e+03
5.588794397198599384e+00 4.690186581497891893e+03 1.992321251657282801e+03
5.594797398699349777e+00 4.702148245686409609e+03 1.992902746596185580e+03
5.600800400200100171e+00 4.714113332359459491e+03 1.993461505061231037e+03
5.606803401700850564e+00 4.726081704952478503e+03 1.993997501411060739e+03
5.612806403201600958e+00 4.738053226750074828e+03 1.994510711038716636e+03
5.618809404702351351e+00 4.750027760892258812e+03 1.995001110374036898e+03
5.624812406203101744e+00 4.762005170380663913e+03 1.995468676885957620e+03
5.630815407703852138e+00 4.773985318084789469e+03 1.995913389084701294e+03
5.636818409204602531e+00 4.785968066748273486e+03 1.996335226523882056e+03
5.642821410705352925e+00 4.797953278995140863e+03 1.996734169802494989e+03
5.648824412206103318e+00 4.809940817336099826e+03 1.997110200566810363e+03
5.654827413706853712e+00 4.821930544174826537e+03 1.997463301512170574e+03
5.660830415207604105e+00 4.833922321814267889e+03 1.997793456384674982e+03
5.666833416708354498e+00 4.845916012462966137e+03 1.998100649982774939e+03
5.672836418209104892e+00 4.857911478241361692e+03 1.998384868158755808e+03
5.678839419709855285e+00 4.869908581188135031e+03 1.998646097820121440e+03
5.684842421210605679e+00 4.881907183266544052e+03 1.998884326930876796e+03
5.690845422711356072e+00 4.893907146370765986e+03 1.999099544512704369e+03
5.696848424212106465e+00 4.905908332332261125e+03 1.999291740646040580e+03
5.702851425712856859e+00 4.917910602926110187e+03 1.999460906471043927e+03
5.708854427213606364e+00 4.929913819877398055e+03 1.999607034188465832e+03
5.714857428714356757e+00 4.941917844867581152e+03 1.999730117060414159e+03
5.720860430215107151e+00 4.953922539540842990e+03 1.999830149411011007e+03
5.726863431715857544e+00 4.965927765510491554e+03 1.999907126626951367e+03
5.732866433216607938e+00 4.977933384365336678e+03 1.999961045157954914e+03
5.738869434717358331e+00 4.989939257676057423e+03 1.999991902517111612e+03
5.744872436218108724e+00 5.001945247001600364e+03 1.999999697281128419e+03
5.750875437718859118e+00 5.013951213895560613e+03 1.999984429090467074e+03
5.756878439219609511e+00 5.025957019912568285e+03 1.999946098649380929e+03
5.762881440720359905e+00 5.037962526614675880e+03 1.999884707725842645e+03
5.768884442221110298e+00 5.049967595577739303e+03 1.999800259151374576e+03
5.774887443721860691e+00 5.061972088397801599e+03 1.999692756820769318e+03
5.780890445222611085e+00 5.073975866697481251e+03 1.999562205691708641e+03
5.786893446723361478e+00 5.085978792132340459e+03 1.999408611784277127e+03
5.792896448224111872e+00 5.097980726397277067e+03 1.999231982180372825e+03
5.798899449724862265e+00 5.109981531232879206e+03 1.999032325023013755e+03
5.804902451225612658e+00 5.121981068431800850e+03 1.998809649515538695e+03
5.810905452726363052e+00 5.133979199845126459e+03 1.998563965920708824e+03
5.816908454227113445e+00 5.145975787388723802e+03 1.998295285559699323e+03
5.822911455727863839e+00 5.157970693049598594e+03 1.998003620810994562e+03
5.828914457228614232e+00 5.169963778892231858e+03 1.997688985109174155e+03
5.834917458729364625e+00 5.181954907064920008e+03 1.997351392943599876e+03
5.840920460230115019e+00 5.193943939806101298e+03 1.996990859856999123e+03
5.846923461730865412e+00 5.205930739450672263e+03 1.996607402443943784e+03
5.852926463231615806e+00 5.217915168436308704e+03 1.996201038349229975e+03
5.858929464732366199e+00 5.229897089309747571e+03 1.995771786266152503e+03
5.864932466233116592e+00 5.241876364733085211e+03 1.995319665934680415e+03
5.870935467733866986e+00 5.253852857490057431e+03 1.994844698139530692e+03
5.876938469234617379e+00 5.265826430492295913e+03 1.994346904708138027e+03
5.882941470735367773e+00 5.277796946785595537e+03 1.993826308508528200e+03
5.888944472236118166e+00 5.289764269556138970e+03 1.993282933447087771e+03
5.894947473736868560e+00 5.301728262136730336e+03 1.992716804466235999e+03
5.900950475237618953e+00 5.313688788013007070e+03 1.992127947541994672e+03
5.906953476738369346e+00 5.325645710829638119e+03 1.991516389681460851e+03
5.912956478239119740e+00 5.337598894396505784e+03 1.990882158920180473e+03
5.918959479739870133e+00 5.349548202694865722e+03 1.990225284319423281e+03
5.924962481240620527e+00 5.361493499883505137e+03 1.989545795963357932e+03
5.930965482741370920e+00 5.373434650304862771e+03 1.988843724956135020e+03
5.936968484242121313e+00 5.385371518491152528e+03 1.988119103418866189e+03
5.942971485742871707e+00 5.397303969170462551e+03 1.987371964486511615e+03
5.948974487243622100e+00 5.409231867272817908e+03 1.986602342304672447e+03
5.954977488744372494e+00 5.421155077936243288e+03 1.985810272026281837e+03
5.960980490245122887e+00 5.433073466512806590e+03 1.984995789808206609e+03
5.966983491745873280e+00 5.444986898574627958e+03 1.984158932807755264e+03
5.972986493246623674e+00 5.456895239919879714e+03 1.983299739179084554e+03
5.978989494747374067e+00 5.468798356578751736e+03 1.982418248069525362e+03
5.984992496248124461e+00 5.480696114819410468e+03 1.981514499615802151e+03
5.990995497748874854e+00 5.492588381153921546e+03 1.980588534940173076e+03
5.996998499249625247e+00 5.504475022344152421e+03 1.979640396146469811e+03
6.003001500750374753e+00 5.516355905407665887e+03 1.978670126316050528e+03
6.009004502251125146e+00 5.528230897623554483e+03 1.977677769503665104e+03
6.015007503751875539e+00 5.540099866538294009e+03 1.976663370733225520e+03
6.021010505252625933e+00 5.551962679971526995e+03 1.975626975993492124e+03
6.027013506753376326e+00 5.563819206021854370e+03 1.974568632233671224e+03
6.033016508254126720e+00 5.575669313072588011e+03 1.973488387358923092e+03
6.039019509754877113e+00 5.587512869797468738e+03 1.972386290225787434e+03
6.045022511255627506e+00 5.599349745166370667e+03 1.971262390637520639e+03
6.051025512756377900e+00 5.611179808450963719e+03 1.970116739339347760e+03
6.057028514257128293e+00 5.623002929230357950e+03 1.968949388013631506e+03
6.063031515757878687e+00 5.634818977396713308e+03 1.967760389274959607e+03
6.069034517258629080e+00 5.646627823160817570e+03 1.966549796665144186e+03
6.075037518759379473e+00 5.658429337057648809e+03 1.965317664648146319e+03
6.081040520260129867e+00 5.670223389951879653e+03 1.964064048604912841e+03
6.087043521760880260e+00 5.682009853043374278e+03 1.962789004828140605e+03
6.093046523261630654e+00 5.693788597872649007e+03 1.961492590516952305e+03
6.099049524762381047e+00 5.705559496326289263e+03 1.960174863771503851e+03
6.105052526263131440e+00 5.717322420642354700e+03 1.958835883587503531e+03
6.111055527763881834e+00 5.729077243415720659e+03 1.957475709850666817e+03
6.117058529264632227e+00 5.740823837603419634e+03 1.956094403331083413e+03
6.123061530765382621e+00 5.752562076529925434e+03 1.954692025677517222e+03
6.129064532266133014e+00 5.764291833892410978e+03 1.953268639411629920e+03
6.135067533766883408e+00 5.776012983765977879e+03 1.951824307922129947e+03
6.141070535267633801e+00 5.787725400608830569e+03 1.950359095458852607e+03
6.147073536768384194e+00 5.799428959267440405e+03 1.948873067126766045e+03
6.153076538269134588e+00 5.811123534981654302e+03 1.947366288879909234e+03
6.159079539769884981e+00 5.822809003389767895e+03 1.945838827515258799e+03
6.165082541270635375e+00 5.834485240533587785e+03 1.944290750666528083e+03
6.171085542771385768e+00 5.846152122863410113e+03 1.942722126797899364e+03
6.177088544272136161e+00 5.857809527243000957e+03 1.941133025197691495e+03
6.183091545772886555e+00 5.869457330954523968e+03 1.939523515971954794e+03
6.189094547273636948e+00 5.881095411703423451e+03 1.937893670038014307e+03
6.195097548774387342e+00 5.892723647623287434e+03 1.936243559117933955e+03
6.201100550275137735e+00 5.904341917280643429e+03 1.934573255731933614e+03
6.207103551775888128e+00 5.915950099679738742e+03 1.932882833191734107e+03
6.213106553276638522e+00 5.927548074267271659e+03 1.931172365593846280e+03
6.219109554777388915e+00 5.939135720937074439e+03 1.929441927812800259e+03
6.225112556278139309e+00 5.950712920034781746e+03 1.927691595494315152e+03
6.231115557778889702e+00 5.962279552362414506e+03 1.925921445048415080e+03
6.237118559279640095e+00 5.973835499182966487e+03 1.924131553642484960e+03
6.243121560780390489e+00 5.985380642224922667e+03 1.922321999194272166e+03
6.249124562281140882e+00 5.996914863686737590e+03 1.920492860364836133e+03
6.255127563781891276e+00 6.008438046241290976e+03 1.918644216551443833e+03
6.261130565282641669e+00 6.019950073040268762e+03 1.916776147880412054e+03
6.267133566783392062e+00 6.031450827718529581e+03 1.914888735199901021e+03
6.273136568284142456e+00 6.042940194398407584e+03 1.912982060072657077e+03
6.279139569784892849e+00 6.054418057693987066e+03 1.911056204768707403e+03
6.285142571285643243e+00 6.065884302715329795e+03 1.909111252258004470e+03
6.291145572786393636e+00 6.077338815072639591e+03 1.907147286203030717e+03
6.297148574287143141e+00 6.088781480880408708e+03 1.905164390951349333e+03
6.303151575787893535e+00 6.100212186761511475e+03 1.903162651528116612e+03
6.309154577288643928e+00 6.111630819851236083e+03 1.901142153628549750e+03
6.315157578789394321e+00 6.123037267801291819e+03 1.899102983610352567e+03
6.321160580290144715e+00 6.134431418783769914e+03 1.897045228486099404e+03
6.327163581790895108e+00 6.145813161495037093e+03 1.894968975915579904e+03
6.333166583291645502e+00 6.157182385159609112e+03 1.892874314198105822e+03
6.339169584792395895e+00 6.168538979533962447e+03 1.890761332264778048e+03
6.345172586293146288e+00 6.179882834910298698e+03 1.888630119670723388e+03
6.351175587793896682e+00 6.191213842120282607e+03 1.886480766587282915e+03
6.357178589294647075e+00 6.202531892538701868e+03 1.884313363794183260e+03
6.363181590795397469e+00 6.213836878087098739e+03 1.882128002671661534e+03
6.369184592296147862e+00 6.225128691237359817e+03 1.879924775192562947e+03
6.375187593796898256e+00 6.236407225015235781e+03 1.877703773914410249e+03
6.381190595297648649e+00 6.247672373003846587e+03 1.875465091971436323e+03
6.387193596798399042e+00 6.258924029347098440e+03 1.873208823066597688e+03
6.393196598299149436e+00 6.270162088753088028e+03 1.870935061463551392e+03
6.399199599799899829e+00 6.281386446497437646e+03 1.868643901978613485e+03
6.405202601300650223e+00 6.292596998426589380e+03 1.866335439972685663e+03
6.411205602801400616e+00 6.303793640961059282e+03 1.864009771343160310e+03
6.417208604302151009e+00 6.314976271098614234e+03 1.861666992515806669e+03
6.423211605802901403e+00 6.326144786417439718e+03 1.859307200436627227e+03
6.429214607303651796e+00 6.337299085079223914e+03 1.856930492563701591e+03
6.435217608804402190e+00 6.348439065832213601e+03 1.854536966859003996e+03
6.441220610305152583e+00 6.359564628014218215e+03 1.852126721780204889e+03
6.447223611805902976e+00 6.370675671555549343e+03 1.849699856272460011e+03
6.453226613306653370e+00 6.381772096981932009e+03 1.847256469760172195e+03
6.459229614807403763e+00 6.392853805417354124e+03 1.844796662138751572e+03
6.465232616308154157e+00 6.403920698586865001e+03 1.842320533766349854e+03
6.471235617808904550e+00 6.414972678819342946e+03 1.839828185455585299e+03
6.477238619309654943e+00 6.426009649050177359e+03 1.837319718465263350e+03
6.483241620810405337e+00 6.437031512823935373e+03 1.834795234492076361e+03
6.489244622311155730e+00 6.448038174296964826e+03 1.832254835662297182e+03
6.495247623811906124e+00 6.459029538239943577e+03 1.829698624523467288e+03
6.501250625312656517e+00 6.470005510040392437e+03 1.827126704036071260e+03
6.507253626813406910e+00 6.480965995705116256e+03 1.824539177565212640e+03
6.513256628314157304e+00 6.491910901862616811e+03 1.821936148872278181e+03
6.519259629814907697e+00 6.502840135765444757e+03 1.819317722106600058e+03
6.525262631315658091e+00 6.513753605292497923e+03 1.816684001797117162e+03
6.531265632816408484e+00 6.524651218951289593e+03 1.814035092844027758e+03
6.537268634317158877e+00 6.535532885880135836e+03 1.811371100510450106e+03
6.543271635817909271e+00 6.546398515850317381e+03 1.808692130414075336e+03
6.549274637318659664e+00 6.557248019268179632e+03 1.805998288518826939e+03
6.555277638819410058e+00 6.568081307177189046e+03 1.803289681126518417e+03
6.561280640320160451e+00 6.578898291259939469e+03 1.800566414868515722e+03
6.567283641820910844e+00 6.589698883840096642e+03 1.797828596697403782e+03
6.573286643321661238e+00 6.600482997884307224e+03 1.795076333878660989e+03
6.579289644822411631e+00 6.611250547004047803e+03 1.792309733982332318e+03
6.585292646323162025e+00 6.622001445457437512e+03 1.789528904874719046e+03
6.591295647823911530e+00 6.632735608150982443e+03 1.786733954710067565e+03
6.597298649324661923e+00 6.643452950641284588e+03 1.783924991922276831e+03
6.603301650825412317e+00 6.654153389136689839e+03 1.781102125216608329e+03
6.609304652326162710e+00 6.664836840498897800e+03 1.778265463561411934e+03
6.615307653826913104e+00 6.675503222244513381e+03 1.775415116179860433e+03
6.621310655327663497e+00 6.686152452546550194e+03 1.772551192541700630e+03
6.627313656828413890e+00 6.696784450235895747e+03 1.769673802355013777e+03
6.633316658329164284e+00 6.707399134802703884e+03 1.766783055557998296e+03
6.639319659829914677e+00 6.717996426397758114e+03 1.763879062310762947e+03
6.645322661330665071e+00 6.728576245833783105e+03 1.760961932987135015e+03
6.651325662831415464e+00 6.739138514586690690e+03 1.758031778166495769e+03
6.657328664332165857e+00 6.749683154796807685e+03 1.755088708625623440e+03
6.663331665832916251e+00 6.760210089270019125e+03 1.752132835330562784e+03
6.669334667333666644e+00 6.770719241478891490e+03 1.749164269428513308e+03
6.675337668834417038e+00 6.781210535563724989e+03 1.746183122239742943e+03
6.681340670335167431e+00 6.791683896333581288e+03 1.743189505249513559e+03
6.687343671835917824e+00 6.802139249267241212e+03 1.740183530100040343e+03
6.693346673336668218e+00 6.812576520514126969e+03 1.737165308582472335e+03
6.699349674837418611e+00 6.822995636895165262e+03 1.734134952628895689e+03
6.705352676338169005e+00 6.833396525903619477e+03 1.731092574304362870e+03
6.711355677838919398e+00 6.843779115705851837e+03 1.728038285798955940e+03
6.717358679339669791e+00 6.854143335142069191e+03 1.724972199419859862e+03
6.723361680840420185e+00 6.864489113726981486e+03 1.721894427583486049e+03
6.729364682341170578e+00 6.874816381650441144e+03 1.718805082807611598e+03
6.735367683841920972e+00 6.885125069778036959e+03 1.715704277703547859e+03
6.741370685342671365e+00 6.895415109651615239e+03 1.712592124968348799e+03
6.747373686843421758e+00 6.905686433489794581e+03 1.709468737377035723e+03
6.753376688344172152e+00 6.915938974188384236e+03 1.706334227774876581e+03
6.759379689844922545e+00 6.926172665320799751e+03 1.703188709069677316e+03
6.765382691345672939e+00 6.936387441138412214e+03 1.700032294224115049e+03
6.771385692846423332e+00 6.946583236570849294e+03 1.696865096248108784e+03
6.777388694347173725e+00 6.956759987226268095e+03 1.693687228191220356e+03
6.783391695847924119e+00 6.966917629391554328e+03 1.690498803135096750e+03
6.789394697348674512e+00 6.977056100032506038e+03 1.687299934185940629e+03
6.795397698849424906e+00 6.987175336793948190e+03 1.684090734467028597e+03
6.801400700350175299e+00 6.997275277999819082e+03 1.680871317111259714e+03
6.807403701850925692e+00 7.007355862653208533e+03 1.677641795253743567e+03
6.813406703351676086e+00 7.017417030436339701e+03 1.674402282024434044e+03
6.819409704852426479e+00 7.027458721710523605e+03 1.671152890540794488e+03
6.825412706353176873e+00 7.037480877516058172e+03 1.667893733900511734e+03
6.831415707853927266e+00 7.047483439572089992e+03 1.664624925174243799e+03
6.837418709354677659e+00 7.057466350276433332e+03 1.661346577398413956e+03
6.843421710855428053e+00 7.067429552705333663e+03 1.658058803568050280e+03
6.849424712356178446e+00 7.077372990613205729e+03 1.654761716629659986e+03
6.855427713856928840e+00 7.087296608432322500e+03 1.651455429474153789e+03
6.861430715357679233e+00 7.097200351272451371e+03 1.648140054929816642e+03
6.867433716858429626e+00 7.107084164920467629e+03 1.644815705755313502e+03
6.873436718359180020e+00 7.116947995839908799e+03 1.641482494632751923e+03
6.879439719859929525e+00 7.126791791170492615e+03 1.638140534160784910e+03
6.885442721360679919e+00 7.136615498727605882e+03 1.634789936847759009e+03
6.891445722861430312e+00 7.146419067001729672e+03 1.631430815104914245e+03
6.897448724362180705e+00 7.156202445157840884e+03 1.628063281239627941e+03
6.903451725862931099e+00 7.165965583034777410e+03 1.624687447448705143e+03
6.909454727363681492e+00 7.175708431144536007e+03 1.621303425811726356e+03
6.915457728864431886e+00 7.185430940671565622e+03 1.617911328284431875e+03
6.921460730365182279e+00 7.195133063471992500e+03 1.614511266692165464e+03
6.927463731865932672e+00 7.204814752072828014e+03 1.611103352723363059e+03
6.933466733366683066e+00 7.214475959671118289e+03 1.607687697923094447e+03
6.939469734867433459e+00 7.224116640133072906e+03 1.604264413686654052e+03
6.945472736368183853e+00 7.233736747993137215e+03 1.600833611253203799e+03
6.951475737868934246e+00 7.243336238453042824e+03 1.597395401699468266e+03
6.957478739369684639e+00 7.252915067380810797e+03 1.593949895933481457e+03
6.963481740870435033e+00 7.262473191309726644e+03 1.590497204688382908e+03
6.969484742371185426e+00 7.272010567437258032e+03 1.587037438516274278e+03
6.975487743871935820e+00 7.281527153623967024e+03 1.583570707782121872e+03
6.981490745372686213e+00 7.291022908392355930e+03 1.580097122657714408e+03
6.987493746873436606e+00 7.300497790925688605e+03 1.576616793115682185e+03
6.993496748374187000e+00 7.309951761066794461e+03 1.573129828923553532e+03
6.999499749874937393e+00 7.319384779316795175e+03 1.569636339637886522e+03
7.005502751375687787e+00 7.328796806833839582e+03 1.566136434598441156e+03
7.011505752876438180e+00 7.338187805431776724e+03 1.562630222922410894e+03
7.017508754377188573e+00 7.347557737578800698e+03 1.559117813498712394e+03
7.023511755877938967e+00 7.356906566396073686e+03 1.555599314982325268e+03
7.029514757378689360e+00 7.366234255656289861e+03 1.552074835788698010e+03
7.035517758879439754e+00 7.375540769782234747e+03 1.548544484088194167e+03
7.041520760380190147e+00 7.384826073845287283e+03 1.545008367800613769e+03
7.047523761880940540e+00 7.394090133563902782e+03 1.541466594589757960e+03
7.053526763381690934e+00 7.403332915302066795e+03 1.537919271858053662e+03
7.059529764882441327e+00 7.412554386067698942e+03 1.534366506741240755e+03
7.065532766383191721e+00 7.421754513511043115e+03 1.530808406103111338e+03
7.071535767883942114e+00 7.430933265923014915e+03 1.527245076530309007e+03
7.077538769384692507e+00 7.440090612233525462e+03 1.523676624327185664e+03
7.083541770885442901e+00 7.449226522009776090e+03 1.520103155510711531e+03
7.089544772386193294e+00 7.458340965454507568e+03 1.516524775805456329e+03
7.095547773886943688e+00 7.467433913404236591e+03 1.512941590638612524e+03
7.101550775387694081e+00 7.476505337327454981e+03 1.509353705135090422e+03
7.107553776888444474e+00 7.485555209322798873e+03 1.505761224112664195e+03
7.113556778389194868e+00 7.494583502117196076e+03 1.502164252077176798e+03
7.119559779889945261e+00 7.503590189063969774e+03 1.498562893217810824e+03
7.125562781390695655e+00 7.512575244140932227e+03 1.494957251402410975e+03
7.131565782891446048e+00 7.521538641948436634e+03 1.491347430172866780e+03
7.137568784392196442e+00 7.530480357707406256e+03 1.487733532740559667e+03
7.143571785892946835e+00 7.539400367257346261e+03 1.484115661981860512e+03
7.149574787393697228e+00 7.548298647054305547e+03 1.480493920433695848e+03
7.155577788894447622e+00 7.557175174168837657e+03 1.476868410289166150e+03
7.161580790395198015e+00 7.566029926283912573e+03 1.473239233393230506e+03
7.167583791895948409e+00 7.574862881692823976e+03 1.469606491238442004e+03
7.173586793396697914e+00 7.583674019297055565e+03 1.465970284960751997e+03
7.179589794897448307e+00 7.592463318604134656e+03 1.462330715335363038e+03
7.185592796398198701e+00 7.601230759725444841e+03 1.458687882772654802e+03
7.191595797898949094e+00 7.609976323374026833e+03 1.455041887314159794e+03
7.197598799399699487e+00 7.618699990862354753e+03 1.451392828628600682e+03
7.203601800900449881e+00 7.627401744100086944e+03 1.447740806007985611e+03
7.209604802401200274e+00 7.636081565591793151e+03 1.444085918363769679e+03
7.215607803901950668e+00 7.644739438434652584e+03 1.440428264223068936e+03
7.221610805402701061e+00 7.653375346316143805e+03 1.436767941724934872e+03
7.227613806903451454e+00 7.661989273511698229e+03 1.433105048616693239e+03
7.233616808404201848e+00 7.670581204882337261e+03 1.429439682250336318e+03
7.239619809904952241e+00 7.679151125872297598e+03 1.425771939578976117e+03
7.245622811405702635e+00 7.687699022506615620e+03 1.422101917153358727e+03
7.251625812906453028e+00 7.696224881388706308e+03 1.418429711118436444e+03
7.257628814407203421e+00 7.704728689697913978e+03 1.414755417210000587e+03
7.263631815907953815e+00 7.713210435187052099e+03 1.411079130751366847e+03
7.269634817408704208e+00 7.721670106179914001e+03 1.407400946650129072e+03
7.275637818909454602e+00 7.730107691568764494e+03 1.403720959394965348e+03
7.281640820410204995e+00 7.738523180811823295e+03 1.400039263052503202e+03
7.287643821910955388e+00 7.746916563930713892e+03 1.396355951264246642e+03
7.293646823411705782e+00 7.755287831507904230e+03 1.392671117243557546e+03
7.299649824912456175e+00 7.763636974684140114e+03 1.388984853772695487e+03
7.305652826413206569e+00 7.771963985155827686e+03 1.385297253199921897e+03
7.311655827913956962e+00 7.780268855172433177e+03 1.381608407436653579e+03
7.317658829414707355e+00 7.788551577533849013e+03 1.377918407954678742e+03
7.323661830915457749e+00 7.796812145587746272e+03 1.374227345783429655e+03
7.329664832416208142e+00 7.805050553226916236e+03 1.370535311507309643e+03
7.335667833916958536e+00 7.813266794886578282e+03 1.366842395263087838e+03
7.341670835417708929e+00 7.821460865541696876e+03 1.363148686737335765e+03
7.347673836918459322e+00 7.829632760704271277e+03 1.359454275163929879e+03
7.353676838419209716e+00 7.837782476420597050e+03 1.355759249321614789e+03
7.359679839919960109e+00 7.845910009268547583e+03 1.352063697531607886e+03
7.365682841420710503e+00 7.854015356354801952e+03 1.348367707655277854e+03
7.371685842921460896e+00 7.862098515312089148e+03 1.344671367091866841e+03
7.377688844422211289e+00 7.870159484296402297e+03 1.340974762776273110e+03
7.383691845922961683e+00 7.878198261984202873e+03 1.337277981176889170e+03
7.389694847423712076e+00 7.886214847569623998e+03 1.333581108293492434e+03
7.395697848924462470e+00 7.894209240761637375e+03 1.329884229655196123e+03
7.401700850425212863e+00 7.902181441781228386e+03 1.326187430318450424e+03
7.407703851925963257e+00 7.910131451358555751e+03 1.322490794865100270e+03
7.413706853426713650e+00 7.918059270730091157e+03 1.318794407400493355e+03
7.419709854927464043e+00 7.925964901635763454e+03 1.315098351551649330e+03
7.425712856428214437e+00 7.933848346316062816e+03 1.311402710465480368e+03
7.431715857928964830e+00 7.941709607509174020e+03 1.307707566807057674e+03
7.437718859429715224e+00 7.949548688448066059e+03 1.304013002757943696e+03
7.443721860930465617e+00 7.957365592857585398e+03 1.300319100014567994e+03
7.449724862431216010e+00 7.965160324951554685e+03 1.296625939786655408e+03
7.455727863931966404e+00 7.972932889429819625e+03 1.292933602795716979e+03
7.461730865432716797e+00 7.980683291475335864e+03 1.289242169273580885e+03
7.467733866933466302e+00 7.988411536751214044e+03 1.285551718960979542e+03
7.473736868434216696e+00 7.996117631397776677e+03 1.281862331106190140e+03
7.479739869934967089e+00 8.003801582029584097e+03 1.278174084463725649e+03
7.485742871435717483e+00 8.011463395732484969e+03 1.274487057293069256e+03
7.491745872936467876e+00 8.019103080060621323e+03 1.270801327357477930e+03
7.497748874437218269e+00 8.026720643033459964e+03 1.267116971922809398e+03
7.503751875937968663e+00 8.034316093132802052e+03 1.263434067756423246e+03
7.509754877438719056e+00 8.041889439299775404e+03 1.259752691126119998e+03
7.515757878939469450e+00 8.049440690931854078e+03 1.256072917799124752e+03
7.521760880440219843e+00 8.056969857879827032e+03 1.252394823041135623e+03
7.527763881940970236e+00 8.064476950444802242e+03 1.248718481615402197e+03
7.533766883441720630e+00 8.071961979375178089e+03 1.245043967781866741e+03
7.539769884942471023e+00 8.079424955863622927e+03 1.241371355296345882e+03
7.545772886443221417e+00 8.086865891544049191e+03 1.237700717409756862e+03
7.551775887943971810e+00 8.094284798488575689e+03 1.234032126867401075e+03
7.557778889444722203e+00 8.101681689204489885e+03 1.230365655908286726e+03
7.563781890945472597e+00 8.109056576631211101e+03 1.226701376264497412e+03
7.569784892446222990e+00 8.116409474137241887e+03 1.223039359160611411e+03
7.575787893946973384e+00 8.123740395517126672e+03 1.219379675313160760e+03
7.581790895447723777e+00 8.131049354988389496e+03 1.215722394930143082e+03
7.587793896948474170e+00 8.138336367188486292e+03 1.212067587710573662e+03
7.593796898449224564e+00 8.145601447171748077e+03 1.208415322844080038e+03
7.599799899949974957e+00 8.152844610406323227e+03 1.204765669010543888e+03
7.605802901450725351e+00 8.160065872771114300e+03 1.201118694379787257e+03
7.611805902951475744e+00 8.167265250552713042e+03 1.197474466611300841e+03
7.617808904452226137e+00 8.174442760442341751e+03 1.193833052854016387e+03
7.623811905952976531e+00 8.181598419532784646e+03 1.190194519746118658e+03
7.629814907453726924e+00 8.188732245315318323e+03 1.186558933414906051e+03
7.635817908954477318e+00 8.195844255676654939e+03 1.182926359476682137e+03
7.641820910455227711e+00 8.202934468895859027e+03 1.179296863036704053e+03
7.647823911955978105e+00 8.210002903641297962e+03 1.175670508689154758e+03
7.653826913456728498e+00 8.217049578967551497e+03 1.172047360517176230e+03
7.659829914957478891e+00 8.224074514312367683e+03 1.168427482092918126e+03
7.665832916458229285e+00 8.231077729493581501e+03 1.164810936477648511e+03
7.671835917958979678e+00 8.238059244706049867e+03 1.161197786221895058e+03
7.677838919459730072e+00 8.245019080518590272e+03 1.157588093365622399e+03
7.683841920960480465e+00 8.251957257870912144e+03 1.153981919438455861e+03
7.689844922461230858e+00 8.258873798070559133e+03 1.150379325459933170e+03
7.695847923961981252e+00 8.265768722789840467e+03 1.146780371939809356e+03
7.701850925462731645e+00 8.272642054062784155e+03 1.143185118878377807e+03
7.707853926963482039e+00 8.279493814282062885e+03 1.139593625766854984e+03
7.713856928464232432e+00 8.286324026195950864e+03 1.136005951587779236e+03
7.719859929964982825e+00 8.293132712905273365e+03 1.132422154815452359e+03
7.725862931465733219e+00 8.299919897860349010e+03 1.128842293416427310e+03
7.731865932966483612e+00 8.306685604857946601e+03 1.125266424850019121e+03
7.737868934467234006e+00 8.313429858038243765e+03 1.121694606068853091e+03
7.743871935967984399e+00 8.320152681881781973e+03 1.118126893519457099e+03
7.749874937468734792e+00 8.326854101206437917e+03 1.114563343142872327e+03
7.755877938969485186e+00 8.333534141164387620e+03 1.111004010375313101e+03
7.761880940470234691e+00 8.340192827239074177e+03 1.107448950148851054e+03
7.767883941970985084e+00 8.346830185242186417e+03 1.103898216892139999e+03
7.773886943471735478e+00 8.353446241310641199e+03 1.100351864531162619e+03
7.779889944972485871e+00 8.360041021903565706e+03 1.096809946490019229e+03
7.785892946473236265e+00 8.366614553799283385e+03 1.093272515691748367e+03
7.791895947973986658e+00 8.373166864092323522e+03 1.089739624559164440e+03
7.797898949474737051e+00 8.379697980190401722e+03 1.086211325015753800e+03
7.803901950975487445e+00 8.386207929811434951e+03 1.082687668486572875e+03
7.809904952476237838e+00 8.392696740980552931e+03 1.079168705899194720e+03
7.815907953976988232e+00 8.399164442027109544e+03 1.075654487684682408e+03
7.821910955477738625e+00 8.405611061581719696e+03 1.072145063778579015e+03
7.827913956978489018e+00 8.412036628573259804e+03 1.068640483621953990e+03
7.833916958479239412e+00 8.418441172225931950e+03 1.065140796162447486e+03
7.839919959979989805e+00 8.424824722056288010e+03 1.061646049855365845e+03
7.845922961480740199e+00 8.431187307870282893e+03 1.058156292664790726e+03
7.851925962981490592e+00 8.437528959760331418e+03 1.054671572064724614e+03
7.857928964482240985e+00 8.443849708102361546e+03 1.051191935040262706e+03
7.863931965982991379e+00 8.450149583552889453e+03 1.047717428088785937e+03
7.869934967483741772e+00 8.456428617046098225e+03 1.044248097221184025e+03
7.875937968984492166e+00 8.462686839790912927e+03 1.040783987963105801e+03
7.881940970485242559e+00 8.468924283268101135e+03 1.037325145356231360e+03
7.887943971985992953e+00 8.475140979227358912e+03 1.033871613959576962e+03
7.893946973486743346e+00 8.481336959684431349e+03 1.030423437850812888e+03
7.899949974987493739e+00 8.487512256918218554e+03 1.026980660627615862e+03
7.905952976488244133e+00 8.493666903467896191e+03 1.023543325409043746e+03
7.911955977988994526e+00 8.499800932130056026e+03 1.020111474836927300e+03
7.917958979489744920e+00 8.505914375955839205e+03 1.016685151077294790e+03
7.923961980990495313e+00 8.512007268248082255e+03 1.013264395821811718e+03
7.929964982491245706e+00 8.518079642558479463e+03 1.009849250289248289e+03
7.935967983991996100e+00 8.524131532684743433e+03 1.006439755226966668e+03
7.941970985492746493e+00 8.530162972667785652e+03 1.003035950912427666e+03
7.947973986993496887e+00 8.536173996788889781e+03 9.996378771547273345e+02
7.953976988494247280e+00 8.542164639566921323e+03 9.962455732961393551e+02
7.959979989994997673e+00 8.548134935755511833e+03 9.928590782136986945e+02
7.965982991495748067e+00 8.554084920340281315e+03 9.894784303207853782e+02
7.971985992996498460e+00 8.560014628536062446e+03 9.861036675687395245e+02
7.977988994497248854e+00 8.565924095784122983e+03 9.827348274484946842e+02
7.983991995997999247e+00 8.571813357749409988e+03 9.793719469922306189e+02
7.989994997498749640e+00 8.577682450317804978e+03 9.760150627750389276e+02
7.995997998999500034e+00 8.583531409593379067e+03 9.726642109166151613e+02
8.002001000500250427e+00 8.589360271895671758e+03 9.693194270829623065e+02
8.008004002000999932e+00 8.595169073756964281e+03 9.659807464881195074e+02
8.014007003501751214e+00 8.600957851919576569e+03 9.626482038959002239e+02
8.020010005002500719e+00 8.606726643333169704e+03 9.593218336216514217e+02
8.026013006503252001e+00 8.612475485152055626e+03 9.560016695340335673e+02
8.032016008004001506e+00 8.618204414732526857e+03 9.526877450568044878e+02
8.038019009504752788e+00 8.623913469630188047e+03 9.493800931706315396e+02
8.044022011005502293e+00 8.629602687597296608e+03 9.460787464149186690e+02
8.050025012506253574e+00 8.635272106580132458e+03 9.427837368896352928e+02
8.056028014007003080e+00 8.640921764716347752e+03 9.394950962571841728e+02
8.062031015507754361e+00 8.646551700332362088e+03 9.362128557442526926e+02
8.068034017008503866e+00 8.652161951940743165e+03 9.329370461437104041e+02
8.074037018509255148e+00 8.657752558237614721e+03 9.296676978164948650e+02
8.080040020010004653e+00 8.663323558100059017e+03 9.264048406935299909e+02
8.086043021510755935e+00 8.668874990583552062e+03 9.231485042776436103e+02
8.092046023011505440e+00 8.674406894919397018e+03 9.198987176455033250e+02
8.098049024512256722e+00 8.679919310512163065e+03 9.166555094495749927e+02
8.104052026013006227e+00 8.685412276937162460e+03 9.134189079200674541e+02
8.110055027513757508e+00 8.690885833937898497e+03 9.101889408669238719e+02
8.116058029014507014e+00 8.696340021423571670e+03 9.069656356817910137e+02
8.122061030515258295e+00 8.701774879466558559e+03 9.037490193400278713e+02
8.128064032016007801e+00 8.707190448299925265e+03 9.005391184027040481e+02
8.134067033516759082e+00 8.712586768314948131e+03 8.973359590186215655e+02
8.140070035017508587e+00 8.717963880058639916e+03 8.941395669263441732e+02
8.146073036518259869e+00 8.723321824231294158e+03 8.909499674562360951e+02
8.152076038019009374e+00 8.728660641684045913e+03 8.877671855325053230e+02
8.158079039519760656e+00 8.733980373416437942e+03 8.845912456752672597e+02
8.164082041020510161e+00 8.739281060573990544e+03 8.814221720026125695e+02
8.170085042521261443e+00 8.744562744445816861e+03 8.782599882326726402e+02
8.176088044022010948e+00 8.749825466462199984e+03 8.751047176857235854e+02
8.182091045522762229e+00 8.755069268192239178e+03 8.719563832862560275e+02
8.188094047023511735e+00 8.760294191341456099e+03 8.688150075650968347e+02
8.194097048524263016e+00 8.765500277749459201e+03 8.656806126614994810e+02
8.200100050025012521e+00 8.770687569387579060e+03 8.625532203252796535e+02
8.206103051525762027e+00 8.775856108356550976e+03 8.594328519189217559e+02
8.212106053026513308e+00 8.781005936884193943e+03 8.563195284197181536e+02
8.218109054527262813e+00 8.786137097323098715e+03 8.532132704219054631e+02
8.224112056028014095e+00 8.791249632148343153e+03 8.501140981388040245e+02
8.230115057528763600e+00 8.796343583955203940e+03 8.470220314049726085e+02
8.236118059029514882e+00 8.801418995456897392e+03 8.439370896783575517e+02
8.242121060530264387e+00 8.806475909482314819e+03 8.408592920424623571e+02
8.248124062031015669e+00 8.811514368973792443e+03 8.377886572085047874e+02
8.254127063531765174e+00 8.816534416984877680e+03 8.347252035175916944e+02
8.260130065032516455e+00 8.821536096678113609e+03 8.316689489428970319e+02
8.266133066533265961e+00 8.826519451322834357e+03 8.286199110918398674e+02
8.272136068034017242e+00 8.831484524292982314e+03 8.255781072082706942e+02
8.278139069534766747e+00 8.836431359064927165e+03 8.225435541746591070e+02
8.284142071035518029e+00 8.841359999215308562e+03 8.195162685142855707e+02
8.290145072536267534e+00 8.846270488418878813e+03 8.164962663934396687e+02
8.296148074037018816e+00 8.851162870446371016e+03 8.134835636236216487e+02
8.302151075537768321e+00 8.856037189162376308e+03 8.104781756637372609e+02
8.308154077038519603e+00 8.860893488523235646e+03 8.074801176223102175e+02
8.314157078539269108e+00 8.865731812574931610e+03 8.044894042596905592e+02
8.320160080040020389e+00 8.870552205451023838e+03 8.015060499902576794e+02
8.326163081540769895e+00 8.875354711370562654e+03 7.985300688846390358e+02
8.332166083041521176e+00 8.880139374636040884e+03 7.955614746719224968e+02
8.338169084542270681e+00 8.884906239631345670e+03 7.926002807418747125e+02
8.344172086043021963e+00 8.889655350819728483e+03 7.896465001471564165e+02
8.350175087543771468e+00 8.894386752741793316e+03 7.867001456055386370e+02
8.356178089044522750e+00 8.899100490013490344e+03 7.837612295021245927e+02
8.362181090545272255e+00 8.903796607324118668e+03 7.808297638915764765e+02
8.368184092046023537e+00 8.908475149434359992e+03 7.779057605003249591e+02
8.374187093546773042e+00 8.913136161174308654e+03 7.749892307287996118e+02
8.380190095047524323e+00 8.917779687441523492e+03 7.720801856536477317e+02
8.386193096548273829e+00 8.922405773199088799e+03 7.691786360299564649e+02
8.392196098049025110e+00 8.927014463473695287e+03 7.662845922934728833e+02
8.398199099549774616e+00 8.931605803353721058e+03 7.633980645628270167e+02
8.404202101050525897e+00 8.936179837987345309e+03 7.605190626417529529e+02
8.410205102551275402e+00 8.940736612580656583e+03 7.576475960213067538e+02
8.416208104052026684e+00 8.945276172395790127e+03 7.547836738820823257e+02
8.422211105552776189e+00 8.949798562749054327e+03 7.519273050964407048e+02
8.428214107053527471e+00 8.954303829009111723e+03 7.490784982307104656e+02
8.434217108554276976e+00 8.958792016595129098e+03 7.462372615474133681e+02
8.440220110055028258e+00 8.963263170974971217e+03 7.434036030074734072e+02
8.446223111555777763e+00 8.967717337663383660e+03 7.405775302724315452e+02
8.452226113056529044e+00 8.972154562220221123e+03 7.377590507066464625e+02
8.458229114557278550e+00 8.976574890248652082e+03 7.349481713795138376e+02
8.464232116058029831e+00 8.980978367393412555e+03 7.321448990676541371e+02
8.470235117558779336e+00 8.985365039339030773e+03 7.293492402571366711e+02
8.476238119059530618e+00 8.989734951808120968e+03 7.265612011456524897e+02
8.482241120560280123e+00 8.994088150559629867e+03 7.237807876447320723e+02
8.488244122061031405e+00 8.998424681387143210e+03 7.210080053819301611e+02
8.494247123561780910e+00 9.002744590117177722e+03 7.182428597030134370e+02
8.500250125062530415e+00 9.007047922607505825e+03 7.154853556741495595e+02
8.506253126563281697e+00 9.011334724745478525e+03 7.127354980840890448e+02
8.512256128064031202e+00 9.015605042446359221e+03 7.099932914463496445e+02
8.518259129564782484e+00 9.019858921651690252e+03 7.072587400013850356e+02
8.524262131065531989e+00 9.024096408327657628e+03 7.045318477187557846e+02
8.530265132566283270e+00 9.028317548463466665e+03 7.018126182993026987e+02
8.536268134067032776e+00 9.032522388069734006e+03 6.991010551773098314e+02
8.542271135567784057e+00 9.036710973176905100e+03 6.963971615226533913e+02
8.548274137068533562e+00 9.040883349833653483e+03 6.937009402429719103e+02
8.554277138569284844e+00 9.045039564105345562e+03 6.910123939857945743e+02
8.560280140070034349e+00 9.049179662072445353e+03 6.883315251407103688e+02
8.566283141570785631e+00 9.053303689829004725e+03 6.856583358414864051e+02
8.572286143071535136e+00 9.057411693481115435e+03 6.829928279682166021e+02
8.578289144572286418e+00 9.061503719145406649e+03 6.803350031494427412e+02
8.584292146073035923e+00 9.065579812947526079e+03 6.776848627642846168e+02
8.590295147573787204e+00 9.069640021020662971e+03 6.750424079445551797e+02
8.596298149074536710e+00 9.073684389504058345e+03 6.724076395768756811e+02
8.602301150575287991e+00 9.077712964541553447e+03 6.697805583047789924e+02
8.608304152076037496e+00 9.081725792280116366e+03 6.671611645308205425e+02
8.614307153576788778e+00 9.085722918868425040e+03 6.645494584186620841e+02
8.620310155077538283e+00 9.089704390455421162e+03 6.619454398951723988e+02
8.626313156578289565e+00 9.093670253188905917e+03 6.593491086525025366e+02
8.632316158079039070e+00 9.097620553214126630e+03 6.567604641501726519e+02
8.638319159579790352e+00 9.101555336672401609e+03 6.541795056171317810e+02
8.644322161080539857e+00 9.105474649699728616e+03 6.516062320538313770e+02
8.650325162581291139e+00 9.109378538425427905e+03 6.490406422342796304e+02
8.656328164082040644e+00 9.113267048970777978e+03 6.464827347080982918e+02
8.662331165582791925e+00 9.117140227447693178e+03 6.439325078025566427e+02
8.668334167083541431e+00 9.120998119957372182e+03 6.413899596246244528e+02
8.674337168584292712e+00 9.124840772589004700e+03 6.388550880629875337e+02
8.680340170085042217e+00 9.128668231418449068e+03 6.363278907900848935e+02
8.686343171585793499e+00 9.132480542506953498e+03 6.338083652641149683e+02
8.692346173086543004e+00 9.136277751899860959e+03 6.312965087310589070e+02
8.698349174587294286e+00 9.140059905625355896e+03 6.287923182266694084e+02
8.704352176088043791e+00 9.143827049693203662e+03 6.262957905784734294e+02
8.710355177588795073e+00 9.147579230093500883e+03 6.238069224077601120e+02
8.716358179089544578e+00 9.151316492795451268e+03 6.213257101315576847e+02
8.722361180590295859e+00 9.155038883746137799e+03 6.188521499646116126e+02
8.728364182091045365e+00 9.158746448869322194e+03 6.163862379213438771e+02
8.734367183591796646e+00 9.162439234064246193e+03 6.139279698178124818e+02
8.740370185092546151e+00 9.166117285204436484e+03 6.114773412736649334e+02
8.746373186593297433e+00 9.169780648136547825e+03 6.090343477140763753e+02
8.752376188094046938e+00 9.173429368679189793e+03 6.065989843716813539e+02
8.758379189594798220e+00 9.177063492621780824e+03 6.041712462885063815e+02
8.764382191095547725e+00 9.180683065723411346e+03 6.017511283178796475e+02
8.770385192596299007e+00 9.184288133711710543e+03 5.993386251263493705e+02
8.776388194097048512e+00 9.187878742281740415e+03 5.969337311955763425e+02
8.782391195597798017e+00 9.191454937094880734e+03 5.945364408242361378e+02
8.788394197098549299e+00 9.195016763777744927e+03 5.921467481298958546e+02
8.794397198599298804e+00 9.198564267921094142e+03 5.897646470508964285e+02
8.800400200100050085e+00 9.202097495078769498e+03 5.873901313482185742e+02
8.806403201600799591e+00 9.205616490766631614e+03 5.850231946073411109e+02
8.812406203101550872e+00 9.209121300461509236e+03 5.826638302400972407e+02
8.818409204602300377e+00 9.212611969600167868e+03 5.803120314865119553e+02
8.824412206103051659e+00 9.216088543578282042e+03 5.779677914166366008e+02
8.830415207603801164e+00 9.219551067749423964e+03 5.756311029323755974e+02
8.836418209104552446e+00 9.222999587424048514e+03 5.733019587693049743e+02
8.842421210605301951e+00 9.226434147868510991e+03 5.709803514984780577e+02
8.848424212106053233e+00 9.229854794304083043e+03 5.686662735282209269e+02
8.854427213606802738e+00 9.233261571905975870e+03 5.663597171059313951e+02
8.860430215107554019e+00 9.236654525802385251e+03 5.640606743198529784e+02
8.866433216608303525e+00 9.240033701073542034e+03 5.617691371008479564e+02
8.872436218109054806e+00 9.243399142750764440e+03 5.594850972241662248e+02
8.878439219609804312e+00 9.246750895815541298e+03 5.572085463111920944e+02
8.884442221110555593e+00 9.250089005198598898e+03 5.549394758311990472e+02
8.890445222611305098e+00 9.253413515779007867e+03 5.526778771030769803e+02
8.896448224112056380e+00 9.256724472383282773e+03 5.504237412970608148e+02
8.902451225612805885e+00 9.260021919784478087e+03 5.481770594364617182e+02
8.908454227113557167e+00 9.263305902701335071e+03 5.459378223993561505e+02
8.914457228614306672e+00 9.266576465797403216e+03 5.437060209202988972e+02
8.920460230115057954e+00 9.269833653680178031e+03 5.414816455920142744e+02
8.926463231615807459e+00 9.273077510900273410e+03 5.392646868670656204e+02
8.932466233116558740e+00 9.276308081950564883e+03 5.370551350595424083e+02
8.938469234617308246e+00 9.279525411265369257e+03 5.348529803467179136e+02
8.944472236118059527e+00 9.282729543219640618e+03 5.326582127706948313e+02
8.950475237618809032e+00 9.285920522128148150e+03 5.304708222400626028e+02
8.956478239119560314e+00 9.289098392244686693e+03 5.282907985315233645e+02
8.962481240620309819e+00 9.292263197761289121e+03 5.261181312915226727e+02
8.968484242121061101e+00 9.295414982807449633e+03 5.239528100378622639e+02
8.974487243621810606e+00 9.298553791449350683e+03 5.217948241613127038e+02
8.980490245122561888e+00 9.301679667689119015e+03 5.196441629272025011e+02
8.986493246623311393e+00 9.304792655464059862e+03 5.175008154770147257e+02
8.992496248124062674e+00 9.307892798645934818e+03 5.153647708299596388e+02
8.998499249624812180e+00 9.310980141040217859e+03 5.132360178845488008e+02
9.004502251125563461e+00 9.314054726385389586e+03 5.111145454201501366e+02
9.010505252626312966e+00 9.317116598352209621e+03 5.090003420985476623e+02
9.016508254127064248e+00 9.320165800543036312e+03 5.068933964654675037e+02
9.022511255627813753e+00 9.323202376491110044e+03 5.047936969521296646e+02
9.028514257128565035e+00 9.326226369659903867e+03 5.027012318767434067e+02
9.034517258629314540e+00 9.329237823442404988e+03 5.006159894460537885e+02
9.040520260130065822e+00 9.332236781160494502e+03 4.985379577568126592e+02
9.046523261630815327e+00 9.335223286064263448e+03 4.964671247972934225e+02
9.052526263131566608e+00 9.338197381331377983e+03 4.944034784487660659e+02
9.058529264632316114e+00 9.341159110066431822e+03 4.923470064869783300e+02
9.064532266133067395e+00 9.344108515300327781e+03 4.902976965836145382e+02
9.070535267633816900e+00 9.347045639989657502e+03 4.882555363077528909e+02
9.076538269134566406e+00 9.349970527016075721e+03 4.862205131273185543e+02
9.082541270635317687e+00 9.352883219185718190e+03 4.841926144105104299e+02
9.088544272136067192e+00 9.355783759228583222e+03 4.821718274272411122e+02
9.094547273636818474e+00 9.358672189797969622e+03 4.801581393505417736e+02
9.100550275137567979e+00 9.361548553469883700e+03 4.781515372579810332e+02
9.106553276638319261e+00 9.364412892742480835e+03 4.761520081330568814e+02
9.112556278139068766e+00 9.367265250035487043e+03 4.741595388665980977e+02
9.118559279639820048e+00 9.370105667689675101e+03 4.721741162581261051e+02
9.124562281140569553e+00 9.372934187966291574e+03 4.701957270172469521e+02
9.130565282641320835e+00 9.375750853046543853e+03 4.682243577649954887e+02
9.136568284142070340e+00 9.378555705031054458e+03 4.662599950352006886e+02
9.142571285642821621e+00 9.381348785939359004e+03 4.643026252758168084e+02
9.148574287143571127e+00 9.384130137709375049e+03 4.623522348502697810e+02
9.154577288644322408e+00 9.386899802196923702e+03 4.604088100387670579e+02
9.160580290145071913e+00 9.389657821175203935e+03 4.584723370396292239e+02
9.166583291645823195e+00 9.392404236334334200e+03 4.565428019705756810e+02
9.172586293146572700e+00 9.395139089280846747e+03 4.546201908700419381e+02
9.178589294647323982e+00 9.397862421537238333e+03 4.527044896984492652e+02
9.184592296148073487e+00 9.400574274541490013e+03 4.507956843394911743e+02
9.190595297648824769e+00 9.403274689646614206e+03 4.488937606014007429e+02
9.196598299149574274e+00 9.405963708120209049e+03 4.469987042182098094e+02
9.202601300650325555e+00 9.408641371144018194e+03 4.451105008509909453e+02
9.208604302151075061e+00 9.411307719813483345e+03 4.432291360891175032e+02
9.214607303651826342e+00 9.413962795137336798e+03 4.413545954514708001e+02
9.220610305152575847e+00 9.416606638037164885e+03 4.394868643876841361e+02
9.226613306653327129e+00 9.419239289347009617e+03 4.376259282793387229e+02
9.232616308154076634e+00 9.421860789812948497e+03 4.357717724411849645e+02
9.238619309654827916e+00 9.424471180092719806e+03 4.339243821223151372e+02
9.244622311155577421e+00 9.427070500755300600e+03 4.320837425073772806e+02
9.250625312656328703e+00 9.429658792280555645e+03 4.302498387177258792e+02
9.256628314157078208e+00 9.432236095058839055e+03 4.284226558126059103e+02
9.262631315657829489e+00 9.434802449390632319e+03 4.266021787903077893e+02
9.268634317158578995e+00 9.437357895486182315e+03 4.247883925893149808e+02
9.274637318659330276e+00 9.439902473465146613e+03 4.229812820894454717e+02
9.280640320160079781e+00 9.442436223356242408e+03 4.211808321129864225e+02
9.286643321660831063e+00 9.444959185096900910e+03 4.193870274258158020e+02
9.292646323161580568e+00 9.447471398532943567e+03 4.175998527385135617e+02
9.298649324662331850e+00 9.449972903418240094e+03 4.158192927074751424e+02
9.304652326163081355e+00 9.452463739414397423e+03 4.140453319359969555e+02
9.310655327663832637e+00 9.454943946090434110e+03 4.122779549753755077e+02
9.316658329164582142e+00 9.457413562922480196e+03 4.105171463259779330e+02
9.322661330665333423e+00 9.459872629293473437e+03 4.087628904383138320e+02
9.328664332166082929e+00 9.462321184492855537e+03 4.070151717141022232e+02
9.334667333666834210e+00 9.464759267716292015e+03 4.052739745073186555e+02
9.340670335167583715e+00 9.467186918065382997e+03 4.035392831252401606e+02
9.346673336668334997e+00 9.469604174547386719e+03 4.018110818294857722e+02
9.352676338169084502e+00 9.472011076074950324e+03 4.000893548370375470e+02
9.358679339669835784e+00 9.474407661465846104e+03 3.983740863212594263e+02
9.364682341170585289e+00 9.476793969442705929e+03 3.966652604129134829e+02
9.370685342671334794e+00 9.479170038632779324e+03 3.949628612011541122e+02
9.376688344172086076e+00 9.481535907567676986e+03 3.932668727345242132e+02
9.382691345672835581e+00 9.483891614683128864e+03 3.915772790219460262e+02
9.388694347173586863e+00 9.486237198318765877e+03 3.898940640336795695e+02
9.394697348674336368e+00 9.488572696717868894e+03 3.882172117023105784e+02
9.400700350175087650e+00 9.490898148027155912e+03 3.865467059237009266e+02
9.406703351675837155e+00 9.493213590296569237e+03 3.848825305579367182e+02
9.412706353176588436e+00 9.495519061479055381e+03 3.832246694302779702e+02
9.418709354677337942e+00 9.497814599430361341e+03 3.815731063320882299e+02
9.424712356178089223e+00 9.500100241908832686e+03 3.799278250217648747e+02
9.430715357678838728e+00 9.502376026575224387e+03 3.782888092256555979e+02
9.436718359179590010e+00 9.504641990992504361e+03 3.766560426389672216e+02
9.442721360680339515e+00 9.506898172625667939e+03 3.750295089266736568e+02
9.448724362181090797e+00 9.509144608841570516e+03 3.734091917243996477e+02
9.454727363681840302e+00 9.511381336908740195e+03 3.717950746393210579e+02
9.460730365182591584e+00 9.513608393997215899e+03 3.701871412510298001e+02
9.466733366683341089e+00 9.515825817178387297e+03 3.685853751124121800e+02
9.472736368184092370e+00 9.518033643424834736e+03 3.669897597505050726e+02
9.478739369684841876e+00 9.520231909610169168e+03 3.654002786673600554e+02
9.484742371185593157e+00 9.522420652508897547e+03 3.638169153408800298e+02
9.490745372686342662e+00 9.524599908796277305e+03 3.622396532256574915e+02
9.496748374187093944e+00 9.526769715048165381e+03 3.606684757538199619e+02
9.502751375687843449e+00 9.528930107740903622e+03 3.591033663358371655e+02
9.508754377188594731e+00 9.531081123251184181e+03 3.575443083613432123e+02
9.514757378689344236e+00 9.533222797855925819e+03 3.559912851999433201e+02
9.520760380190095518e+00 9.535355167732152040e+03 3.544442802020207637e+02
9.526763381690845023e+00 9.537478268956892862e+03 3.529032766995168799e+02
9.532766383191596304e+00 9.539592137507053849e+03 3.513682580067312529e+02
9.538769384692345810e+00 9.541696809259337897e+03 3.498392074210839269e+02
9.544772386193097091e+00 9.543792319990128817e+03 3.483161082238979702e+02
9.550775387693846596e+00 9.545878705375393110e+03 3.467989436811629389e+02
9.556778389194597878e+00 9.547956000990614484e+03 3.452876970442762286e+02
9.562781390695347383e+00 9.550024242310679256e+03 3.437823515508100627e+02
9.568784392196098665e+00 9.552083464709819964e+03 3.422828904252355642e+02
9.574787393696848170e+00 9.554133703461518962e+03 3.407892968796693935e+02
9.580790395197599452e+00 9.556174993738452031e+03 3.393015541145932730e+02
9.586793396698348957e+00 9.558207370612411978e+03 3.378196453195748745e+02
9.592796398199100238e+00 9.560230869054243158e+03 3.363435536739822282e+02
9.598799399699849744e+00 9.562245523933797813e+03 3.348732623476821573e+02
9.604802401200601025e+00 9.564251370019859678e+03 3.334087545017468983e+02
9.610805402701350530e+00 9.566248441980107600e+03 3.319500132891392923e+02
9.616808404202101812e+00 9.568236774381068244e+03 3.304970218553963264e+02
9.622811405702851317e+00 9.570216401688063343e+03 3.290497633393130172e+02
9.628814407203602599e+00 9.572187358265184230e+03 3.276082208736031021e+02
9.634817408704352104e+00 9.574149678375244548e+03 3.261723775855718372e+02
9.640820410205103386e+00 9.576103396179769334e+03 3.247422165977585564e+02
9.646823411705852891e+00 9.578048545738938628e+03 3.233177210286071386e+02
9.652826413206604173e+00 9.579985161011596574e+03 3.218988739930867951e+02
9.658829414707353678e+00 9.581913275855204120e+03 3.204856586033467352e+02
9.664832416208103183e+00 9.583832924025853572e+03 3.190780579693275172e+02
9.670835417708854465e+00 9.585744139178226760e+03 3.176760551994032085e+02
9.676838419209603970e+00 9.587646954865609587e+03 3.162796334009839825e+02
9.682841420710355251e+00 9.589541404539877476e+03 3.148887756811303120e+02
9.688844422211104757e+00 9.591427521551497193e+03 3.135034651471576694e+02
9.694847423711856038e+00 9.593305339149535939e+03 3.121236849072293467e+02
9.700850425212605543e+00 9.595174890481655893e+03 3.107494180709522311e+02
9.706853426713356825e+00 9.597036208594141499e+03 3.093806477499517769e+02
9.712856428214106330e+00 9.598889326431888549e+03 3.080173570584680078e+02
9.718859429714857612e+00 9.600734276838458754e+03 3.066595291138965536e+02
9.724862431215607117e+00 9.602571092556056101e+03 3.053071470373883471e+02
9.730865432716358399e+00 9.604399806225585053e+03 3.039601939543833851e+02
9.736868434217107904e+00 9.606220450386668745e+03 3.026186529951706916e+02
9.742871435717859185e+00 9.608033057477672628e+03 3.012825072954375969e+02
9.748874437218608691e+00 9.609837659835740851e+03 2.999517399968115683e+02
9.754877438719359972e+00 9.611634289696843553e+03 2.986263342473834541e+02
9.760880440220109477e+00 9.613422979195798689e+03 2.973062732022533510e+02
9.766883441720860759e+00 9.615203760366337519e+03 2.959915400240333838e+02
9.772886443221610264e+00 9.616976665141133708e+03 2.946821178833804993e+02
9.778889444722361546e+00 9.618741725351863352e+03 2.933779899594951530e+02
9.784892446223111051e+00 9.620498972729250454e+03 2.920791394406356289e+02
9.790895447723862333e+00 9.622248438903132410e+03 2.907855495246042778e+02
9.796898449224611838e+00 9.623990155402503660e+03 2.894972034192588239e+02
9.802901450725363119e+00 9.625724153655595728e+03 2.882140843429776282e+02
9.808904452226112625e+00 9.627450464989929969e+03 2.869361755251588306e+02
9.814907453726863906e+00 9.629169120632384875e+03 2.856634602066874322e+02
9.820910455227613411e+00 9.630880151709272468e+03 2.843959216404085169e+02
9.826913456728364693e+00 9.632583589246411066e+03 2.831335430915874554e+02
9.832916458229114198e+00 9.634279464169192579e+03 2.818763078383756806e+02
9.838919459729865480e+00 9.635967807302671645e+03 2.806241991722611147e+02
9.844922461230614985e+00 9.637648649371643842e+03 2.793772003985093306e+02
9.850925462731366267e+00 9.639322021000725726e+03 2.781352948366193232e+02
9.856928464232115772e+00 9.640987952714447601e+03 2.768984658207492657e+02
9.862931465732867053e+00 9.642646474937333551e+03 2.756666967001564217e+02
9.868934467233616559e+00 9.644297617994006941e+03 2.744399708396157962e+02
9.874937468734367840e+00 9.645941412109274097e+03 2.732182716198463481e+02
9.880940470235117346e+00 9.647577887408227980e+03 2.720015824379254354e+02
9.886943471735868627e+00 9.649207073916335503e+03 2.707898867077040563e+02
9.892946473236618132e+00 9.650829001559559401e+03 2.695831678602005468e+02
9.898949474737369414e+00 9.652443700164443726e+03 2.683814093440144575e+02
9.904952476238118919e+00 9.654051199458232077e+03 2.671845946257111564e+02
9.910955477738870201e+00 9.655651529068967648e+03 2.659927071902222906e+02
9.916958479239619706e+00 9.657244718525618737e+03 2.648057305412187930e+02
9.922961480740370988e+00 9.658830797258175153e+03 2.636236482015002025e+02
9.928964482241120493e+00 9.660409794597775544e+03 2.624464437133698880e+02
9.934967483741871774e+00 9.661981739776820177e+03 2.612741006389992435e+02
9.940970485242621280e+00 9.663546661929098263e+03 2.601066025607976258e+02
9.946973486743372561e+00 9.665104590089904377e+03 2.589439330817681935e+02
9.952976488244122066e+00 9.666655553196160326e+03 2.577860758258748319e+02
9.958979489744871572e+00 9.668199580086547940e+03 2.566330144383819061e+02
9.964982491245622853e+00 9.669736699501641851e+03 2.554847325862008631e+02
9.970985492746372358e+00 9.671266940084027738e+03 2.543412139582402745e+02
9.976988494247123640e+00 9.672790330378447834e+03 2.532024422657340210e+02
9.982991495747873145e+00 9.674306898831928265e+03 2.520684012425794833e+02
9.988994497248624427e+00 9.675816673793917289e+03 2.509390746456626857e+02
9.994997498749373932e+00 9.677319683516430814e+03 2.498144462551802860e+02
1.000100050025012521e+01 9.678815956154179730e+03 2.486944998749638955e+02
1.000700350175087472e+01 9.680305519764728160e+03 2.475792193327854989e+02
1.001300650325162600e+01 9.681788402308629884e+03 2.464685884806725937e+02
1.001900950475237551e+01 9.683264631649570219e+03 2.453625911952168508e+02
1.002501250625312679e+01 9.684734235554527913e+03 2.442612113778670562e+02
1.003101550775387629e+01 9.686197241693913384e+03 2.431644329552285626e+02
1.003701850925462757e+01 9.687653677641725153e+03 2.420722398793604953e+02
1.004302151075537708e+01 9.689103570875706282e+03 2.409846161280556771e+02
1.004902451225612836e+01 9.690546948777486250e+03 2.399015457051369538e+02
1.005502751375687787e+01 9.691983838632759216e+03 2.388230126407196110e+02
1.006103051525762915e+01 9.693414267631431358e+03 2.377490009914969562e+02
1.006703351675837865e+01 9.694838262867771846e+03 2.366794948410176289e+02
1.007303651825912993e+01 9.696255851340594745e+03 2.356144782999378720e+02
1.007903951975987944e+01 9.697667059953408170e+03 2.345539355062957725e+02
1.008504252126063072e+01 9.699071915514581633e+03 2.334978506257692743e+02
1.009104552276138023e+01 9.700470444737520666e+03 2.324462078519239867e+02
1.009704852426213151e+01 9.701862674240823253e+03 2.313989914064748064e+02
1.010305152576288101e+01 9.703248630548456276e+03 2.303561855395253701e+02
1.010905452726363229e+01 9.704628340089933772e+03 2.293177745298109187e+02
1.011505752876438180e+01 9.706001829200469729e+03 2.282837426849463043e+02
1.012106053026513308e+01 9.707369124121169079e+03 2.272540743416558371e+02
1.012706353176588259e+01 9.708730250999200507e+03 2.262287538660007726e+02
1.013306653326663387e+01 9.710085235887971066e+03 2.252077656536127108e+02
1.013906953476738337e+01 9.711434104747295351e+03 2.241910941299242666e+02
1.014507253626813466e+01 9.712776883443593761e+03 2.231787237503752124e+02
1.015107553776888416e+01 9.714113597750058034e+03 2.221706390006402785e+02
1.015707853926963544e+01 9.715444273346842238e+03 2.211668243968373417e+02
1.016308154077038495e+01 9.716768935821239211e+03 2.201672644857417822e+02
1.016908454227113623e+01 9.718087610667869740e+03 2.191719438449885047e+02
1.017508754377188573e+01 9.719400323288869913e+03 2.181808470832724538e+02
1.018109054527263702e+01 9.720707098994069383e+03 2.171939588405600148e+02
1.018709354677338652e+01 9.722007963001189637e+03 2.162112637882680417e+02
1.019309654827413780e+01 9.723302940436033168e+03 2.152327466294661917e+02
1.019909954977488731e+01 9.724592056332663560e+03 2.142583920990633430e+02
1.020510255127563859e+01 9.725875335633609211e+03 2.132881849639937570e+02
1.021110555277638809e+01 9.727152803190048871e+03 2.123221100233970162e+02
1.021710855427713938e+01 9.728424483762004456e+03 2.113601521088014294e+02
1.022311155577788888e+01 9.729690402018546592e+03 2.104022960842907537e+02
1.022911455727864016e+01 9.730950582537974697e+03 2.094485268466876562e+02
1.023511755877938967e+01 9.732205049808031617e+03 2.084988293257093233e+02
1.024112056028014095e+01 9.733453828226085534e+03 2.075531884841455224e+02
1.024712356178089045e+01 9.734696942099335502e+03 2.066115893180160015e+02
1.025312656328163996e+01 9.735934415645018817e+03 2.056740168567258706e+02
1.025912956478239124e+01 9.737166272990594734e+03 2.047404561632316415e+02
1.026513256628314075e+01 9.738392538173966386e+03 2.038108923341819150e+02
1.027113556778389203e+01 9.739613235143669954e+03 2.028853105000760308e+02
1.027713856928464153e+01 9.740828387759078396e+03 2.019636958254125716e+02
1.028314157078539282e+01 9.742038019790610633e+03 2.010460335088273496e+02
1.028914457228614232e+01 9.743242154919942550e+03 2.001323087832338956e+02
1.029514757378689360e+01 9.744440816740199807e+03 1.992225069159669602e+02
1.030115057528764311e+01 9.745634028756170665e+03 1.983166132089183122e+02
1.030715357678839439e+01 9.746821814384522440e+03 1.974146129986587823e+02
1.031315657828914389e+01 9.748004196953987048e+03 1.965164916565863678e+02
1.031915957978989518e+01 9.749181199705606559e+03 1.956222345890252257e+02
1.032516258129064468e+01 9.750352845792906010e+03 1.947318272373794628e+02
1.033116558279139596e+01 9.751519158282126227e+03 1.938452550782334356e+02
1.033716858429214547e+01 9.752680160152431199e+03 1.929625036234766071e+02
1.034317158579289675e+01 9.753835874296117254e+03 1.920835584204216104e+02
1.034917458729364625e+01 9.754986323518825884e+03 1.912084050519134166e+02
1.035517758879439754e+01 9.756131530539763844e+03 1.903370291364390710e+02
1.036118059029514704e+01 9.757271517991910514e+03 1.894694163282358375e+02
1.036718359179589832e+01 9.758406308422236179e+03 1.886055523173973825e+02
1.037318659329664783e+01 9.759535924291914853e+03 1.877454228299769738e+02
1.037918959479739911e+01 9.760660387976542552e+03 1.868890136280824947e+02
1.038519259629814862e+01 9.761779721766353759e+03 1.860363105099797281e+02
1.039119559779889990e+01 9.762893947866441522e+03 1.851872993101781333e+02
1.039719859929964940e+01 9.764003088396966632e+03 1.843419658995332782e+02
1.040320160080040068e+01 9.765107165393390460e+03 1.835002961853251691e+02
1.040920460230115019e+01 9.766206200806675042e+03 1.826622761113599154e+02
1.041520760380190147e+01 9.767300216503521369e+03 1.818278916580380553e+02
1.042121060530265098e+01 9.768389234266574931e+03 1.809971288424504507e+02
1.042721360680340226e+01 9.769473275794656729e+03 1.801699737184469257e+02
1.043321660830415176e+01 9.770552362702974278e+03 1.793464123767254534e+02
1.043921960980490304e+01 9.771626516523358077e+03 1.785264309448927804e+02
1.044522261130565255e+01 9.772695758704461696e+03 1.777100155875554890e+02
1.045122561280640383e+01 9.773760110612001881e+03 1.768971525063749084e+02
1.045722861430715334e+01 9.774819593528978658e+03 1.760878279401409827e+02
1.046323161580790462e+01 9.775874228655886327e+03 1.752820281648433820e+02
1.046923461730865412e+01 9.776924037110951758e+03 1.744797394937281467e+02
1.047523761880940540e+01 9.777969039930354484e+03 1.736809482773606987e+02
1.048124062031015491e+01 9.779009258068443160e+03 1.728856409036888806e+02
1.048724362181090619e+01 9.780044712397966578e+03 1.720938037980996285e+02
1.049324662331165570e+01 9.781075423710299219e+03 1.713054234234705859e+02
1.049924962481240698e+01 9.782101412715666811e+03 1.705204862802258390e+02
1.050525262631315648e+01 9.783122700043364603e+03 1.697389789063894625e+02
1.051125562781390776e+01 9.784139306241993836e+03 1.689608878776302276e+02
1.051725862931465727e+01 9.785151251779680024e+03 1.681861998073088103e+02
1.052326163081540855e+01 9.786158557044300323e+03 1.674149013465299731e+02
1.052926463231615806e+01 9.787161242343714548e+03 1.666469791841744268e+02
1.053526763381690934e+01 9.788159327905988903e+03 1.658824200469497043e+02
1.054127063531765884e+01 9.789152833879621539e+03 1.651212106994229600e+02
1.054727363681840835e+01 9.790141780333777206e+03 1.643633379440598219e+02
1.055327663831915963e+01 9.791126187258501886e+03 1.636087886212647504e+02
1.055927963981990914e+01 9.792106074564968367e+03 1.628575496094027244e+02
1.056528264132066042e+01 9.793081462085681778e+03 1.621096078248464210e+02
1.057128564282140992e+01 9.794052369574732438e+03 1.613649502219911653e+02
1.057728864432216120e+01 9.795018816708003214e+03 1.606235637932944371e+02
1.058329164582291071e+01 9.795980823083413270e+03 1.598854355692916158e+02
1.058929464732366199e+01 9.796938408221134523e+03 1.591505526186313659e+02
1.059529764882441150e+01 9.797891591563833572e+03 1.584189020480854708e+02
1.060130065032516278e+01 9.798840392476888155e+03 1.576904710025809777e+02
1.060730365182591228e+01 9.799784830248621802e+03 1.569652466652162843e+02
1.061330665332666356e+01 9.800724924090533023e+03 1.562432162572760603e+02
1.061930965482741307e+01 9.801660693137528142e+03 1.555243670382425023e+02
1.062531265632816435e+01 9.802592156448141395e+03 1.548086863058235281e+02
1.063131565782891386e+01 9.803519333004775035e+03 1.540961613959485987e+02
1.063731865932966514e+01 9.804442241713917610e+03 1.533867796827956624e+02
1.064332166083041464e+01 9.805360901406384073e+03 1.526805285787862658e+02
1.064932466233116592e+01 9.806275330837541333e+03 1.519773955345983723e+02
1.065532766383191543e+01 9.807185548687535629e+03 1.512773680391771620e+02
1.066133066533266671e+01 9.808091573561521727e+03 1.505804336197353734e+02
1.066733366683341622e+01 9.808993423989903022e+03 1.498865798417491533e+02
1.067333666833416750e+01 9.809891118428546179e+03 1.491957943089749392e+02
1.067933966983491700e+01 9.810784675259017604e+03 1.485080646634389723e+02
1.068534267133566829e+01 9.811674112788818093e+03 1.478233785854349094e+02
1.069134567283641779e+01 9.812559449251608385e+03 1.471417237935241076e+02
1.069734867433716907e+01 9.813440702807432899e+03 1.464630880445346008e+02
1.070335167583791858e+01 9.814317891542961661e+03 1.457874591335464061e+02
1.070935467733866986e+01 9.815191033471708579e+03 1.451148248938927736e+02
1.071535767883941936e+01 9.816060146534267915e+03 1.444451731971461470e+02
1.072136068034017065e+01 9.816925248598541657e+03 1.437784919531104038e+02
1.072736368184092015e+01 9.817786357459965075e+03 1.431147691098109931e+02
1.073336668334167143e+01 9.818643490841750463e+03 1.424539926534740459e+02
1.073936968484242094e+01 9.819496666395096327e+03 1.417961506085240444e+02
1.074537268634317222e+01 9.820345901699429305e+03 1.411412310375616812e+02
1.075137568784392172e+01 9.821191214262627909e+03 1.404892220413478299e+02
1.075737868934467301e+01 9.822032621521260808e+03 1.398401117587839906e+02
1.076338169084542251e+01 9.822870140840801469e+03 1.391938883668982498e+02
1.076938469234617379e+01 9.823703789515868266e+03 1.385505400808199568e+02
1.077538769384692330e+01 9.824533584770450034e+03 1.379100551537596289e+02
1.078139069534767458e+01 9.825359543758131622e+03 1.372724218769849358e+02
1.078739369684842409e+01 9.826181683562328544e+03 1.366376285797992125e+02
1.079339669834917537e+01 9.827000021196501621e+03 1.360056636295180112e+02
1.079939969984992487e+01 9.827814573604406178e+03 1.353765154314322388e+02
1.080540270135067615e+01 9.828625357660299414e+03 1.347501724287960769e+02
1.081140570285142566e+01 9.829432390169184146e+03 1.341266231027811671e+02
1.081740870435217694e+01 9.830235687867025263e+03 1.335058559724614611e+02
1.082341170585292645e+01 9.831035267420982564e+03 1.328878595947743122e+02
1.082941470735367773e+01 9.831831145429636308e+03 1.322726225644906606e+02
1.083541770885442723e+01 9.832623338423212772e+03 1.316601335141822915e+02
1.084142071035517674e+01 9.833411862863820716e+03 1.310503811141828692e+02
1.084742371185592802e+01 9.834196735145660568e+03 1.304433540725629257e+02
1.085342671335667752e+01 9.834977971595262716e+03 1.298390411350850115e+02
1.085942971485742881e+01 9.835755588471714873e+03 1.292374310851660653e+02
1.086543271635817831e+01 9.836529601966885821e+03 1.286385127438430231e+02
1.087143571785892959e+01 9.837300028205641865e+03 1.280422749697354448e+02
1.087743871935967910e+01 9.838066883246085126e+03 1.274487066590011040e+02
1.088344172086043038e+01 9.838830183079777271e+03 1.268577967452901305e+02
1.088944472236117988e+01 9.839589943631955975e+03 1.262695341997155936e+02
1.089544772386193117e+01 9.840346180761765936e+03 1.256839080307984631e+02
1.090145072536268067e+01 9.841098910262482605e+03 1.251009072844324379e+02
1.090745372686343195e+01 9.841848147861739562e+03 1.245205210438276424e+02
1.091345672836418146e+01 9.842593909221739523e+03 1.239427384294808121e+02
1.091945972986493274e+01 9.843336209939498076e+03 1.233675485991116716e+02
1.092546273136568225e+01 9.844075065547047416e+03 1.227949407476292549e+02
1.093146573286643353e+01 9.844810491511674627e+03 1.222249041070728879e+02
1.093746873436718303e+01 9.845542503236132688e+03 1.216574279465686317e+02
1.094347173586793431e+01 9.846271116058876942e+03 1.210925015722759639e+02
1.094947473736868382e+01 9.846996345254265179e+03 1.205301143273436253e+02
1.095547773886943510e+01 9.847718206032806847e+03 1.199702555918448894e+02
1.096148074037018461e+01 9.848436713541361314e+03 1.194129147827398469e+02
1.096748374187093589e+01 9.849151882863374340e+03 1.188580813538076342e+02
1.097348674337168539e+01 9.849863729019087259e+03 1.183057447956059747e+02
1.097948974487243667e+01 9.850572266965766175e+03 1.177558946354073299e+02
1.098549274637318618e+01 9.851277511597920238e+03 1.172085204371433917e+02
1.099149574787393746e+01 9.851979477747523561e+03 1.166636118013496457e+02
1.099749874937468697e+01 9.852678180184226221e+03 1.161211583651121515e+02
1.100350175087543825e+01 9.853373633615583458e+03 1.155811498020057826e+02
1.100950475237618775e+01 9.854065852687268489e+03 1.150435758220339153e+02
1.101550775387693903e+01 9.854754851983288972e+03 1.145084261715767155e+02
1.102151075537768854e+01 9.855440646026216200e+03 1.139756906333212214e+02
1.102751375687843982e+01 9.856123249277394279e+03 1.134453590262050113e+02
1.103351675837918933e+01 9.856802676137156595e+03 1.129174212053565327e+02
1.103951975987994061e+01 9.857478940945045906e+03 1.123918670620316789e+02
1.104552276138069011e+01 9.858152057980030804e+03 1.118686865235513181e+02
1.105152576288144139e+01 9.858822041460720357e+03 1.113478695532378708e+02
1.105752876438219090e+01 9.859488905545584203e+03 1.108294061503508487e+02
1.106353176588294218e+01 9.860152664333163557e+03 1.103132863500199079e+02
1.106953476738369169e+01 9.860813331862287669e+03 1.097995002231872803e+02
1.107553776888444297e+01 9.861470922112290282e+03 1.092880378765346165e+02
1.108154077038519247e+01 9.862125449003220638e+03 1.087788894524184116e+02
1.108754377188594376e+01 9.862776926396058116e+03 1.082720451288081733e+02
1.109354677338669326e+01 9.863425368092935969e+03 1.077674951192070125e+02
1.109954977488744454e+01 9.864070787837334137e+03 1.072652296725992898e+02
1.110555277638819405e+01 9.864713199314310259e+03 1.067652390733704237e+02
1.111155577788894533e+01 9.865352616150703398e+03 1.062675136412406118e+02
1.111755877938969483e+01 9.865989051915348682e+03 1.057720437311977122e+02
1.112356178089044434e+01 9.866622520119282854e+03 1.052788197334274827e+02
1.112956478239119562e+01 9.867253034215971638e+03 1.047878320732335737e+02
1.113556778389194513e+01 9.867880607601497104e+03 1.042990712109825324e+02
1.114157078539269641e+01 9.868505253614786852e+03 1.038125276420178125e+02
1.114757378689344591e+01 9.869126985537814107e+03 1.033281918965953423e+02
1.115357678839419719e+01 9.869745816595810538e+03 1.028460545398080370e+02
1.115957978989494670e+01 9.870361759957477261e+03 1.023661061715119587e+02
1.116558279139569798e+01 9.870974828735183110e+03 1.018883374262605059e+02
1.117158579289644749e+01 9.871585035985188370e+03 1.014127389732150561e+02
1.117758879439719877e+01 9.872192394707837593e+03 1.009393015160889036e+02
1.118359179589794827e+01 9.872796917847777877e+03 1.004680157930554998e+02
1.118959479739869955e+01 9.873398618294158950e+03 9.999887257668648033e+01
1.119559779889944906e+01 9.873997508880838723e+03 9.953186267387046371e+01
1.120160080040020034e+01 9.874593602386597922e+03 9.906697692573222014e+01
1.120760380190094985e+01 9.875186911535332911e+03 9.860420620756649157e+01
1.121360680340170113e+01 9.875777448996270323e+03 9.814354142875390608e+01
1.121960980490245063e+01 9.876365227384167156e+03 9.768497353268463712e+01
1.122561280640320192e+01 9.876950259259512677e+03 9.722849349668580032e+01
1.123161580790395142e+01 9.877532557128737608e+03 9.677409233193587568e+01
1.123761880940470270e+01 9.878112133444417850e+03 9.632176108338809684e+01
1.124362181090545221e+01 9.878689000605463661e+03 9.587149082970074687e+01
1.124962481240620349e+01 9.879263170957343391e+03 9.542327268314348032e+01
1.125562781390695299e+01 9.879834656792259921e+03 9.497709778953317539e+01
1.126163081540770428e+01 9.880403470349376221e+03 9.453295732814144969e+01
1.126763381690845378e+01 9.880969623814997249e+03 9.409084251162303758e+01
1.127363681840920506e+01 9.881533129322782770e+03 9.365074458592972917e+01
1.127963981990995457e+01 9.882093998953934715e+03 9.321265483023826448e+01
1.128564282141070585e+01 9.882652244737413639e+03 9.277656455685600179e+01
1.129164582291145535e+01 9.883207878650118801e+03 9.234246511115257761e+01
1.129764882441220664e+01 9.883760912617097347e+03 9.191034787147299312e+01
1.130365182591295614e+01 9.884311358511738945e+03 9.148020424905665493e+01
1.130965482741370742e+01 9.884859228155975870e+03 9.105202568795257889e+01
1.131565782891445693e+01 9.885404533320474002e+03 9.062580366494069040e+01
1.132166083041520821e+01 9.885947285724832909e+03 9.020152968945083671e+01
1.132766383191595772e+01 9.886487497037782305e+03 8.977919530347419652e+01
1.133366683341670900e+01 9.887025178877376675e+03 8.935879208148358543e+01
1.133966983491745850e+01 9.887560342811184455e+03 8.894031163035319310e+01
1.134567283641820978e+01 9.888093000356499033e+03 8.852374558926372572e+01
1.135167583791895929e+01 9.888623162980502457e+03 8.810908562964085888e+01
1.135767883941971057e+01 9.889150842100492810e+03 8.769632345504356863e+01
1.136368184092046008e+01 9.889676049084053375e+03 8.728545080110130527e+01
1.136968484242121136e+01 9.890198795249254545e+03 8.687645943541937754e+01
1.137568784392196086e+01 9.890719091864842994e+03 8.646934115749760963e+01
1.138169084542271214e+01 9.891236950150430857e+03 8.606408779864923986e+01
1.138769384692346165e+01 9.891752381276695814e+03 8.566069122190187102e+01
1.139369684842421293e+01 9.892265396365552078e+03 8.525914332193700318e+01
1.139969984992496244e+01 9.892776006490368673e+03 8.485943602497241045e+01
1.140570285142571372e+01 9.893284222676127683e+03 8.446156128871093927e+01
1.141170585292646322e+01 9.893790055899635263e+03 8.406551110222778789e+01
1.141770885442721273e+01 9.894293517089699890e+03 8.367127748589913949e+01
1.142371185592796401e+01 9.894794617127321544e+03 8.327885249131180956e+01
1.142971485742871351e+01 9.895293366845880882e+03 8.288822820117758283e+01
1.143571785892946480e+01 9.895789777031321137e+03 8.249939672924882927e+01
1.144172086043021430e+01 9.896283858422342746e+03 8.211235022022566454e+01
1.144772386193096558e+01 9.896775621710577980e+03 8.172708084967823083e+01
1.145372686343171509e+01 9.897265077540785569e+03 8.134358082395550582e+01
1.145972986493246637e+01 9.897752236511028968e+03 8.096184238009682588e+01
1.146573286643321588e+01 9.898237109172860073e+03 8.058185778575190739e+01
1.147173586793396716e+01 9.898719706031510214e+03 8.020361933908435503e+01
1.147773886943471666e+01 9.899200037546066596e+03 7.982711936868966518e+01
1.148374187093546794e+01 9.899678114129654205e+03 7.945235023351007442e+01
1.148974487243621745e+01 9.900153946149617695e+03 7.907930432274615384e+01
1.149574787393696873e+01 9.900627543927710576e+03 7.870797405576465167e+01
1.150175087543771824e+01 9.901098917740266188e+03 7.833835188201514654e+01
1.150775387693846952e+01 9.901568077818383244e+03 7.797043028094381611e+01
1.151375687843921902e+01 9.902035034348104091e+03 7.760420176190223174e+01
1.151975987993997030e+01 9.902499797470592966e+03 7.723965886406352865e+01
1.152576288144071981e+01 9.902962377282317902e+03 7.687679415632941016e+01
1.153176588294147109e+01 9.903422783835227165e+03 7.651560023724715620e+01
1.153776888444222060e+01 9.903881027136923876e+03 7.615606973492077714e+01
1.154377188594297188e+01 9.904337117150849735e+03 7.579819530691929685e+01
1.154977488744372138e+01 9.904791063796457820e+03 7.544196964019313612e+01
1.155577788894447266e+01 9.905242876949383572e+03 7.508738545098653105e+01
1.156178089044522217e+01 9.905692566441635790e+03 7.473443548474182307e+01
1.156778389194597345e+01 9.906140142061751249e+03 7.438311251602398499e+01
1.157378689344672296e+01 9.906585613554983865e+03 7.403340934842132981e+01
1.157978989494747424e+01 9.907028990623479331e+03 7.368531881445699128e+01
1.158579289644822374e+01 9.907470282926431537e+03 7.333883377551754279e+01
1.159179589794897502e+01 9.907909500080280850e+03 7.299394712173824473e+01
1.159779889944972453e+01 9.908346651658865085e+03 7.265065177193689294e+01
1.160380190095047581e+01 9.908781747193601404e+03 7.230894067351482590e+01
1.160980490245122532e+01 9.909214796173657305e+03 7.196880680237065064e+01
1.161580790395197660e+01 9.909645808046117963e+03 7.163024316281443760e+01
1.162181090545272610e+01 9.910074792216159040e+03 7.129324278747532162e+01
1.162781390695347739e+01 9.910501758047215844e+03 7.095779873721652109e+01
1.163381690845422689e+01 9.910926714861152504e+03 7.062390410104396210e+01
1.163981990995497817e+01 9.911349671938436586e+03 7.029155199601704851e+01
1.164582291145572768e+01 9.911770638518284613e+03 6.996073556717458075e+01
1.165182591295647896e+01 9.912189623798867615e+03 6.963144798741953423e+01
1.165782891445722846e+01 9.912606636937440271e+03 6.930368245745729894e+01
1.166383191595797975e+01 9.913021687050537366e+03 6.897743220568746381e+01
1.166983491745872925e+01 9.913434783214115669e+03 6.865269048813252084e+01
1.167583791895948053e+01 9.913845934463734011e+03 6.832945058833847440e+01
1.168184092046023004e+01 9.914255149794722456e+03 6.800770581728365016e+01
1.168784392196098132e+01 9.914662438162324179e+03 6.768744951330899084e+01
1.169384692346173082e+01 9.915067808481888278e+03 6.736867504200426993e+01
1.169984992496248211e+01 9.915471269629011658e+03 6.705137579614030585e+01
1.170585292646323161e+01 9.915872830439708196e+03 6.673554519557541198e+01
1.171185592796398112e+01 9.916272499710581542e+03 6.642117668715793855e+01
1.171785892946473240e+01 9.916670286198965186e+03 6.610826374465477784e+01
1.172386193096548190e+01 9.917066198623104356e+03 6.579679986865056662e+01
1.172986493246623318e+01 9.917460245662305169e+03 6.548677858646574634e+01
1.173586793396698269e+01 9.917852435957101989e+03 6.517819345206395099e+01
1.174187093546773397e+01 9.918242778109410210e+03 6.487103804597009571e+01
1.174787393696848348e+01 9.918631280682686338e+03 6.456530597518404591e+01
1.175387693846923476e+01 9.919017952202093511e+03 6.426099087308155333e+01
1.175987993996998426e+01 9.919402801154652479e+03 6.395808639934107731e+01
1.176588294147073555e+01 9.919785835989405314e+03 6.365658623984224818e+01
1.177188594297148505e+01 9.920167065117564562e+03 6.335648410659302243e+01
1.177788894447223633e+01 9.920546496912673319e+03 6.305777373763352500e+01
1.178389194597298584e+01 9.920924139710767122e+03 6.276044889694762219e+01
1.178989494747373712e+01 9.921300001810519461e+03 6.246450337438280087e+01
1.179589794897448662e+01 9.921674091473405497e+03 6.216993098555401076e+01
1.180190095047523791e+01 9.922046416923853030e+03 6.187672557176471599e+01
1.180790395197598741e+01 9.922416986349388026e+03 6.158488099992049314e+01
1.181390695347673869e+01 9.922785807900807413e+03 6.129439116243201369e+01
1.181990995497748820e+01 9.923152889692311874e+03 6.100524997713938546e+01
1.182591295647823948e+01 9.923518239801673190e+03 6.071745138721883706e+01
1.183191595797898898e+01 9.923881866270372484e+03 6.043098936110384045e+01
1.183791895947974027e+01 9.924243777103769389e+03 6.014585789238415003e+01
1.184392196098048977e+01 9.924603980271233013e+03 5.986205099973859234e+01
1.184992496248124105e+01 9.924962483706303829e+03 5.957956272683522059e+01
1.185592796398199056e+01 9.925319295306848289e+03 5.929838714224427321e+01
1.186193096548274184e+01 9.925674422935187977e+03 5.901851833936832037e+01
1.186793396698349135e+01 9.926027874418274223e+03 5.873995043633455282e+01
1.187393696848424263e+01 9.926379657547815441e+03 5.846267757592519843e+01
1.187993996998499213e+01 9.926729780080435376e+03 5.818669392548670061e+01
1.188594297148574341e+01 9.927078249737816805e+03 5.791199367684296107e+01
1.189194597298649292e+01 9.927425074206854333e+03 5.763857104620569771e+01
1.189794897448724420e+01 9.927770261139787181e+03 5.736642027410550071e+01
1.190395197598799371e+01 9.928113818154362889e+03 5.709553562528234494e+01
1.190995497748874499e+01 9.928455752833961014e+03 5.682591138862661495e+01
1.191595797898949449e+01 9.928796072727760475e+03 5.655754187707260172e+01
1.192196098049024577e+01 9.929134785350866878e+03 5.629042142752488331e+01
1.192796398199099528e+01 9.929471898184463498e+03 5.602454440077323738e+01
1.193396698349174656e+01 9.929807418675953159e+03 5.575990518140273622e+01
1.193996998499249607e+01 9.930141354239098291e+03 5.549649817771770444e+01
1.194597298649324735e+01 9.930473712254168277e+03 5.523431782164779946e+01
1.195197598799399685e+01 9.930804500068075868e+03 5.497335856867321979e+01
1.195797898949474813e+01 9.931133724994524528e+03 5.471361489773027387e+01
1.196398199099549764e+01 9.931461394314137578e+03 5.445508131114125661e+01
1.196998499249624892e+01 9.931787515274616453e+03 5.419775233451434104e+01
1.197598799399699843e+01 9.932112095090857110e+03 5.394162251667815866e+01
1.198199099549774971e+01 9.932435140945111925e+03 5.368668642958208892e+01
1.198799399699849921e+01 9.932756659987111561e+03 5.343293866822330074e+01
1.199399699849925049e+01 9.933076659334210490e+03 5.318037385056234712e+01
1.200000000000000000e+01 9.933395146071527051e+03 5.292898661743133459e+01
